{
	"start":	{
		"connected":	[{
				"socket":	6,
				"local_host":	"10.0.0.1",
				"local_port":	47056,
				"remote_host":	"10.0.0.2",
				"remote_port":	5202
			}],
		"version":	"iperf 3.16",
		"system_info":	"Linux DESKTOP-1SICFSU 6.6.87.2-microsoft-standard-WSL2+ #1 SMP PREEMPT_DYNAMIC Sat Nov  8 16:12:55 CET 2025 x86_64",
		"timestamp":	{
			"time":	"Sun, 09 Nov 2025 12:16:48 GMT",
			"timesecs":	1762690608
		},
		"connecting_to":	{
			"host":	"10.0.0.2",
			"port":	5202
		},
		"cookie":	"rt2wgnxo6drlsc7gtbkl2ukxguy3ipbc6w4x",
		"target_bitrate":	50000000,
		"fq_rate":	0,
		"sock_bufsize":	0,
		"sndbuf_actual":	212992,
		"rcvbuf_actual":	212992,
		"test_start":	{
			"protocol":	"UDP",
			"num_streams":	1,
			"blksize":	1448,
			"omit":	0,
			"duration":	30,
			"bytes":	0,
			"blocks":	0,
			"reverse":	0,
			"tos":	104,
			"target_bitrate":	50000000,
			"bidir":	0,
			"fqrate":	0
		}
	},
	"intervals":	[{
			"streams":	[{
					"socket":	6,
					"start":	0,
					"end":	1.00009,
					"seconds":	1.0000900030136108,
					"bytes":	6245224,
					"bits_per_second":	49957295.6928358,
					"packets":	4313,
					"omitted":	false,
					"sender":	true
				}],
			"sum":	{
				"start":	0,
				"end":	1.00009,
				"seconds":	1.0000900030136108,
				"bytes":	6245224,
				"bits_per_second":	49957295.6928358,
				"packets":	4313,
				"omitted":	false,
				"sender":	true
			}
		}, {
			"streams":	[{
					"socket":	6,
					"start":	1.00009,
					"end":	2.00008,
					"seconds":	0.99998998641967773,
					"bytes":	6249568,
					"bits_per_second":	49997044.649422474,
					"packets":	4316,
					"omitted":	false,
					"sender":	true
				}],
			"sum":	{
				"start":	1.00009,
				"end":	2.00008,
				"seconds":	0.99998998641967773,
				"bytes":	6249568,
				"bits_per_second":	49997044.649422474,
				"packets":	4316,
				"omitted":	false,
				"sender":	true
			}
		}, {
			"streams":	[{
					"socket":	6,
					"start":	2.00008,
					"end":	3.000073,
					"seconds":	0.99999302625656128,
					"bytes":	6249568,
					"bits_per_second":	49996892.665502183,
					"packets":	4316,
					"omitted":	false,
					"sender":	true
				}],
			"sum":	{
				"start":	2.00008,
				"end":	3.000073,
				"seconds":	0.99999302625656128,
				"bytes":	6249568,
				"bits_per_second":	49996892.665502183,
				"packets":	4316,
				"omitted":	false,
				"sender":	true
			}
		}, {
			"streams":	[{
					"socket":	6,
					"start":	3.000073,
					"end":	4.000052,
					"seconds":	0.999979019165039,
					"bytes":	6251016,
					"bits_per_second":	50009177.234294087,
					"packets":	4317,
					"omitted":	false,
					"sender":	true
				}],
			"sum":	{
				"start":	3.000073,
				"end":	4.000052,
				"seconds":	0.999979019165039,
				"bytes":	6251016,
				"bits_per_second":	50009177.234294087,
				"packets":	4317,
				"omitted":	false,
				"sender":	true
			}
		}, {
			"streams":	[{
					"socket":	6,
					"start":	4.000052,
					"end":	5.000083,
					"seconds":	1.0000309944152832,
					"bytes":	6249568,
					"bits_per_second":	49994994.43438042,
					"packets":	4316,
					"omitted":	false,
					"sender":	true
				}],
			"sum":	{
				"start":	4.000052,
				"end":	5.000083,
				"seconds":	1.0000309944152832,
				"bytes":	6249568,
				"bits_per_second":	49994994.43438042,
				"packets":	4316,
				"omitted":	false,
				"sender":	true
			}
		}, {
			"streams":	[{
					"socket":	6,
					"start":	5.000083,
					"end":	6.000084,
					"seconds":	1.0000009536743164,
					"bytes":	6200336,
					"bits_per_second":	49602640.695235543,
					"packets":	4282,
					"omitted":	false,
					"sender":	true
				}],
			"sum":	{
				"start":	5.000083,
				"end":	6.000084,
				"seconds":	1.0000009536743164,
				"bytes":	6200336,
				"bits_per_second":	49602640.695235543,
				"packets":	4282,
				"omitted":	false,
				"sender":	true
			}
		}, {
			"streams":	[{
					"socket":	6,
					"start":	6.000084,
					"end":	7.000074,
					"seconds":	0.99998998641967773,
					"bytes":	6300248,
					"bits_per_second":	50402488.70936913,
					"packets":	4351,
					"omitted":	false,
					"sender":	true
				}],
			"sum":	{
				"start":	6.000084,
				"end":	7.000074,
				"seconds":	0.99998998641967773,
				"bytes":	6300248,
				"bits_per_second":	50402488.70936913,
				"packets":	4351,
				"omitted":	false,
				"sender":	true
			}
		}, {
			"streams":	[{
					"socket":	6,
					"start":	7.000074,
					"end":	8.00007,
					"seconds":	0.9999960064888,
					"bytes":	6249568,
					"bits_per_second":	49996743.662555777,
					"packets":	4316,
					"omitted":	false,
					"sender":	true
				}],
			"sum":	{
				"start":	7.000074,
				"end":	8.00007,
				"seconds":	0.9999960064888,
				"bytes":	6249568,
				"bits_per_second":	49996743.662555777,
				"packets":	4316,
				"omitted":	false,
				"sender":	true
			}
		}, {
			"streams":	[{
					"socket":	6,
					"start":	8.00007,
					"end":	9.000076,
					"seconds":	1.0000059604644775,
					"bytes":	6249568,
					"bits_per_second":	49996245.999151714,
					"packets":	4316,
					"omitted":	false,
					"sender":	true
				}],
			"sum":	{
				"start":	8.00007,
				"end":	9.000076,
				"seconds":	1.0000059604644775,
				"bytes":	6249568,
				"bits_per_second":	49996245.999151714,
				"packets":	4316,
				"omitted":	false,
				"sender":	true
			}
		}, {
			"streams":	[{
					"socket":	6,
					"start":	9.000076,
					"end":	10.000075,
					"seconds":	0.99999898672103882,
					"bytes":	6251016,
					"bits_per_second":	50008178.672235332,
					"packets":	4317,
					"omitted":	false,
					"sender":	true
				}],
			"sum":	{
				"start":	9.000076,
				"end":	10.000075,
				"seconds":	0.99999898672103882,
				"bytes":	6251016,
				"bits_per_second":	50008178.672235332,
				"packets":	4317,
				"omitted":	false,
				"sender":	true
			}
		}, {
			"streams":	[{
					"socket":	6,
					"start":	10.000075,
					"end":	11.000089,
					"seconds":	1.0000139474868774,
					"bytes":	6249568,
					"bits_per_second":	49995846.683584452,
					"packets":	4316,
					"omitted":	false,
					"sender":	true
				}],
			"sum":	{
				"start":	10.000075,
				"end":	11.000089,
				"seconds":	1.0000139474868774,
				"bytes":	6249568,
				"bits_per_second":	49995846.683584452,
				"packets":	4316,
				"omitted":	false,
				"sender":	true
			}
		}, {
			"streams":	[{
					"socket":	6,
					"start":	11.000089,
					"end":	12.000073,
					"seconds":	0.9999840259552002,
					"bytes":	6249568,
					"bits_per_second":	49997342.659791522,
					"packets":	4316,
					"omitted":	false,
					"sender":	true
				}],
			"sum":	{
				"start":	11.000089,
				"end":	12.000073,
				"seconds":	0.9999840259552002,
				"bytes":	6249568,
				"bits_per_second":	49997342.659791522,
				"packets":	4316,
				"omitted":	false,
				"sender":	true
			}
		}, {
			"streams":	[{
					"socket":	6,
					"start":	12.000073,
					"end":	13.000085,
					"seconds":	1.0000120401382446,
					"bytes":	6249568,
					"bits_per_second":	49995942.041946143,
					"packets":	4316,
					"omitted":	false,
					"sender":	true
				}],
			"sum":	{
				"start":	12.000073,
				"end":	13.000085,
				"seconds":	1.0000120401382446,
				"bytes":	6249568,
				"bits_per_second":	49995942.041946143,
				"packets":	4316,
				"omitted":	false,
				"sender":	true
			}
		}, {
			"streams":	[{
					"socket":	6,
					"start":	13.000085,
					"end":	14.000081,
					"seconds":	0.9999960064888,
					"bytes":	6251016,
					"bits_per_second":	50008327.7088168,
					"packets":	4317,
					"omitted":	false,
					"sender":	true
				}],
			"sum":	{
				"start":	13.000085,
				"end":	14.000081,
				"seconds":	0.9999960064888,
				"bytes":	6251016,
				"bits_per_second":	50008327.7088168,
				"packets":	4317,
				"omitted":	false,
				"sender":	true
			}
		}, {
			"streams":	[{
					"socket":	6,
					"start":	14.000081,
					"end":	15.000081,
					"seconds":	1,
					"bytes":	6249568,
					"bits_per_second":	49996544,
					"packets":	4316,
					"omitted":	false,
					"sender":	true
				}],
			"sum":	{
				"start":	14.000081,