{
	"start":	{
		"connected":	[{
				"socket":	6,
				"local_host":	"10.0.0.1",
				"local_port":	35292,
				"remote_host":	"10.0.0.2",
				"remote_port":	5202
			}],
		"version":	"iperf 3.16",
		"system_info":	"Linux DESKTOP-1SICFSU 6.6.87.2-microsoft-standard-WSL2+ #1 SMP PREEMPT_DYNAMIC Sat Nov  8 16:12:55 CET 2025 x86_64",
		"timestamp":	{
			"time":	"Sun, 09 Nov 2025 12:07:37 GMT",
			"timesecs":	1762690057
		},
		"connecting_to":	{
			"host":	"10.0.0.2",
			"port":	5202
		},
		"cookie":	"cs6ybcazutl6bv4lkwbp5rlm5fb3atg7aqsr",
		"target_bitrate":	50000000,
		"fq_rate":	0,
		"sock_bufsize":	0,
		"sndbuf_actual":	212992,
		"rcvbuf_actual":	212992,
		"test_start":	{
			"protocol":	"UDP",
			"num_streams":	1,
			"blksize":	1448,
			"omit":	0,
			"duration":	30,
			"bytes":	0,
			"blocks":	0,
			"reverse":	0,
			"tos":	104,
			"target_bitrate":	50000000,
			"bidir":	0,
			"fqrate":	0
		}
	},
	"intervals":	[{
			"streams":	[{
					"socket":	6,
					"start":	0,
					"end":	1.000076,
					"seconds":	1.0000760555267334,
					"bytes":	6245224,
					"bits_per_second":	49957992.418572061,
					"packets":	4313,
					"omitted":	false,
					"sender":	true
				}],
			"sum":	{
				"start":	0,
				"end":	1.000076,
				"seconds":	1.0000760555267334,
				"bytes":	6245224,
				"bits_per_second":	49957992.418572061,
				"packets":	4313,
				"omitted":	false,
				"sender":	true
			}
		}, {
			"streams":	[{
					"socket":	6,
					"start":	1.000076,
					"end":	2.000073,
					"seconds":	0.99999701976776123,
					"bytes":	6249568,
					"bits_per_second":	49996693.001756318,
					"packets":	4316,
					"omitted":	false,
					"sender":	true
				}],
			"sum":	{
				"start":	1.000076,
				"end":	2.000073,
				"seconds":	0.99999701976776123,
				"bytes":	6249568,
				"bits_per_second":	49996693.001756318,
				"packets":	4316,
				"omitted":	false,
				"sender":	true
			}
		}, {
			"streams":	[{
					"socket":	6,
					"start":	2.000073,
					"end":	3.000073,
					"seconds":	1,
					"bytes":	6251016,
					"bits_per_second":	50008128,
					"packets":	4317,
					"omitted":	false,
					"sender":	true
				}],
			"sum":	{
				"start":	2.000073,
				"end":	3.000073,
				"seconds":	1,
				"bytes":	6251016,
				"bits_per_second":	50008128,
				"packets":	4317,
				"omitted":	false,
				"sender":	true
			}
		}, {
			"streams":	[{
					"socket":	6,
					"start":	3.000073,
					"end":	4.000068,
					"seconds":	0.999994993209839,
					"bytes":	6249568,
					"bits_per_second":	49996794.3234579,
					"packets":	4316,
					"omitted":	false,
					"sender":	true
				}],
			"sum":	{
				"start":	3.000073,
				"end":	4.000068,
				"seconds":	0.999994993209839,
				"bytes":	6249568,
				"bits_per_second":	49996794.3234579,
				"packets":	4316,
				"omitted":	false,
				"sender":	true
			}
		}, {
			"streams":	[{
					"socket":	6,
					"start":	4.000068,
					"end":	5.000095,
					"seconds":	1.0000269412994385,
					"bytes":	6249568,
					"bits_per_second":	49995197.0644254,
					"packets":	4316,
					"omitted":	false,
					"sender":	true
				}],
			"sum":	{
				"start":	4.000068,
				"end":	5.000095,
				"seconds":	1.0000269412994385,
				"bytes":	6249568,
				"bits_per_second":	49995197.0644254,
				"packets":	4316,
				"omitted":	false,
				"sender":	true
			}
		}, {
			"streams":	[{
					"socket":	6,
					"start":	5.000095,
					"end":	6.000094,
					"seconds":	0.99999898672103882,
					"bytes":	6249568,
					"bits_per_second":	49996594.6604975,
					"packets":	4316,
					"omitted":	false,
					"sender":	true
				}],
			"sum":	{
				"start":	5.000095,
				"end":	6.000094,
				"seconds":	0.99999898672103882,
				"bytes":	6249568,
				"bits_per_second":	49996594.6604975,
				"packets":	4316,
				"omitted":	false,
				"sender":	true
			}
		}, {
			"streams":	[{
					"socket":	6,
					"start":	6.000094,
					"end":	7.000146,
					"seconds":	1.0000519752502441,
					"bytes":	6251016,
					"bits_per_second":	50005528.950119227,
					"packets":	4317,
					"omitted":	false,
					"sender":	true
				}],
			"sum":	{
				"start":	6.000094,
				"end":	7.000146,
				"seconds":	1.0000519752502441,
				"bytes":	6251016,
				"bits_per_second":	50005528.950119227,
				"packets":	4317,
				"omitted":	false,
				"sender":	true
			}
		}, {
			"streams":	[{
					"socket":	6,
					"start":	7.000146,
					"end":	8.000069,
					"seconds":	0.9999229907989502,
					"bytes":	6249568,
					"bits_per_second":	50000394.490431882,
					"packets":	4316,
					"omitted":	false,
					"sender":	true
				}],
			"sum":	{
				"start":	7.000146,
				"end":	8.000069,
				"seconds":	0.9999229907989502,
				"bytes":	6249568,
				"bits_per_second":	50000394.490431882,
				"packets":	4316,
				"omitted":	false,
				"sender":	true
			}
		}, {
			"streams":	[{
					"socket":	6,
					"start":	8.000069,
					"end":	9.000072,
					"seconds":	1.0000029802322388,
					"bytes":	6249568,
					"bits_per_second":	49996394.9991318,
					"packets":	4316,
					"omitted":	false,
					"sender":	true
				}],
			"sum":	{
				"start":	8.000069,
				"end":	9.000072,
				"seconds":	1.0000029802322388,
				"bytes":	6249568,
				"bits_per_second":	49996394.9991318,
				"packets":	4316,
				"omitted":	false,
				"sender":	true
			}
		}, {
			"streams":	[{
					"socket":	6,
					"start":	9.000072,
					"end":	10.000081,
					"seconds":	1.0000089406967163,
					"bytes":	6251016,
					"bits_per_second":	50007680.896491617,
					"packets":	4317,
					"omitted":	false,
					"sender":	true
				}],
			"sum":	{
				"start":	9.000072,
				"end":	10.000081,
				"seconds":	1.0000089406967163,
				"bytes":	6251016,
				"bits_per_second":	50007680.896491617,
				"packets":	4317,
				"omitted":	false,
				"sender":	true
			}
		}, {
			"streams":	[{
					"socket":	6,
					"start":	10.000081,
					"end":	11.000072,
					"seconds":	0.999990999698639,
					"bytes":	6249568,
					"bits_per_second":	49996993.988013044,
					"packets":	4316,
					"omitted":	false,
					"sender":	true
				}],
			"sum":	{
				"start":	10.000081,
				"end":	11.000072,
				"seconds":	0.999990999698639,
				"bytes":	6249568,
				"bits_per_second":	49996993.988013044,
				"packets":	4316,
				"omitted":	false,
				"sender":	true
			}
		}, {
			"streams":	[{
					"socket":	6,
					"start":	11.000072,
					"end":	12.000096,
					"seconds":	1.0000239610672,
					"bytes":	6249568,
					"bits_per_second":	49995346.058153428,
					"packets":	4316,
					"omitted":	false,
					"sender":	true
				}],
			"sum":	{
				"start":	11.000072,
				"end":	12.000096,
				"seconds":	1.0000239610672,
				"bytes":	6249568,
				"bits_per_second":	49995346.058153428,
				"packets":	4316,
				"omitted":	false,
				"sender":	true
			}
		}, {
			"streams":	[{
					"socket":	6,
					"start":	12.000096,
					"end":	13.000076,
					"seconds":	0.99997997283935547,
					"bytes":	6251016,
					"bits_per_second":	50009129.540871,
					"packets":	4317,
					"omitted":	false,
					"sender":	true
				}],
			"sum":	{
				"start":	12.000096,
				"end":	13.000076,
				"seconds":	0.99997997283935547,
				"bytes":	6251016,
				"bits_per_second":	50009129.540871,
				"packets":	4317,
				"omitted":	false,
				"sender":	true
			}
		}, {
			"streams":	[{
					"socket":	6,
					"start":	13.000076,
					"end":	14.000096,
					"seconds":	1.0000200271606445,
					"bytes":	6068568,
					"bits_per_second":	48547571.729982063,
					"packets":	4192,
					"omitted":	false,
					"sender":	true
				}],
			"sum":	{
				"start":	13.000076,
				"end":	14.000096,
				"seconds":	1.0000200271606445,
				"bytes":	6068568,
				"bits_per_second":	48547571.729982063,
				"packets":	4192,
				"omitted":	false,
				"sender":	true
			}
		}, {
			"streams":	[{
					"socket":	6,
					"start":	14.000096,
					"end":	15.000081,
					"seconds":	0.9999849796295166,
					"bytes":	6430568,
					"bits_per_second":	51445316.727716886,
					"packets":	4440,
					"omitted":	false,
					"sender":	true
				}],
			"sum":	{
				"start":	14.000096,
				"end":	15.000081,