{
	"start":	{
		"connected":	[{
				"socket":	6,
				"local_host":	"10.0.0.1",
				"local_port":	50872,
				"remote_host":	"10.0.0.2",
				"remote_port":	5202
			}],
		"version":	"iperf 3.16",
		"system_info":	"Linux DESKTOP-1SICFSU 6.6.87.2-microsoft-standard-WSL2+ #1 SMP PREEMPT_DYNAMIC Sat Nov  8 16:12:55 CET 2025 x86_64",
		"timestamp":	{
			"time":	"Sun, 09 Nov 2025 11:52:15 GMT",
			"timesecs":	1762689135
		},
		"connecting_to":	{
			"host":	"10.0.0.2",
			"port":	5202
		},
		"cookie":	"dz2m6r2uxxe6jbcvej7v5dwvaks6ukfqdu2f",
		"target_bitrate":	50000000,
		"fq_rate":	0,
		"sock_bufsize":	0,
		"sndbuf_actual":	212992,
		"rcvbuf_actual":	212992,
		"test_start":	{
			"protocol":	"UDP",
			"num_streams":	1,
			"blksize":	1448,
			"omit":	0,
			"duration":	30,
			"bytes":	0,
			"blocks":	0,
			"reverse":	0,
			"tos":	104,
			"target_bitrate":	50000000,
			"bidir":	0,
			"fqrate":	0
		}
	},
	"intervals":	[{
			"streams":	[{
					"socket":	6,
					"start":	0,
					"end":	1.000084,
					"seconds":	1.0000840425491333,
					"bytes":	3801000,
					"bits_per_second":	30405444.648924172,
					"packets":	2626,
					"omitted":	false,
					"sender":	true
				}],
			"sum":	{
				"start":	0,
				"end":	1.000084,
				"seconds":	1.0000840425491333,
				"bytes":	3801000,
				"bits_per_second":	30405444.648924172,
				"packets":	2626,
				"omitted":	false,
				"sender":	true
			}
		}, {
			"streams":	[{
					"socket":	6,
					"start":	1.000084,
					"end":	2.0001,
					"seconds":	1.0000159740448,
					"bytes":	3608416,
					"bits_per_second":	28866866.879375238,
					"packets":	2492,
					"omitted":	false,
					"sender":	true
				}],
			"sum":	{
				"start":	1.000084,
				"end":	2.0001,
				"seconds":	1.0000159740448,
				"bytes":	3608416,
				"bits_per_second":	28866866.879375238,
				"packets":	2492,
				"omitted":	false,
				"sender":	true
			}
		}, {
			"streams":	[{
					"socket":	6,
					"start":	2.0001,
					"end":	3.000095,
					"seconds":	0.999994993209839,
					"bytes":	3675024,
					"bits_per_second":	29400339.201329049,
					"packets":	2538,
					"omitted":	false,
					"sender":	true
				}],
			"sum":	{
				"start":	2.0001,
				"end":	3.000095,
				"seconds":	0.999994993209839,
				"bytes":	3675024,
				"bits_per_second":	29400339.201329049,
				"packets":	2538,
				"omitted":	false,
				"sender":	true
			}
		}, {
			"streams":	[{
					"socket":	6,
					"start":	3.000095,
					"end":	4.000095,
					"seconds":	1,
					"bytes":	3608416,
					"bits_per_second":	28867328,
					"packets":	2492,
					"omitted":	false,
					"sender":	true
				}],
			"sum":	{
				"start":	3.000095,
				"end":	4.000095,
				"seconds":	1,
				"bytes":	3608416,
				"bits_per_second":	28867328,
				"packets":	2492,
				"omitted":	false,
				"sender":	true
			}
		}, {
			"streams":	[{
					"socket":	6,
					"start":	4.000095,
					"end":	5.000096,
					"seconds":	1.0000009536743164,
					"bytes":	3675024,
					"bits_per_second":	29400163.961818732,
					"packets":	2538,
					"omitted":	false,
					"sender":	true
				}],
			"sum":	{
				"start":	4.000095,
				"end":	5.000096,
				"seconds":	1.0000009536743164,
				"bytes":	3675024,
				"bits_per_second":	29400163.961818732,
				"packets":	2538,
				"omitted":	false,
				"sender":	true
			}
		}, {
			"streams":	[{
					"socket":	6,
					"start":	5.000096,
					"end":	6.000092,
					"seconds":	0.9999960064888,
					"bytes":	3606968,
					"bits_per_second":	28855859.236197043,
					"packets":	2491,
					"omitted":	false,
					"sender":	true
				}],
			"sum":	{
				"start":	5.000096,
				"end":	6.000092,
				"seconds":	0.9999960064888,
				"bytes":	3606968,
				"bits_per_second":	28855859.236197043,
				"packets":	2491,
				"omitted":	false,
				"sender":	true
			}
		}, {
			"streams":	[{
					"socket":	6,
					"start":	6.000092,
					"end":	7.000109,
					"seconds":	1.0000170469284058,
					"bytes":	3675024,
					"bits_per_second":	29399690.825575344,
					"packets":	2538,
					"omitted":	false,
					"sender":	true
				}],
			"sum":	{
				"start":	6.000092,
				"end":	7.000109,
				"seconds":	1.0000170469284058,
				"bytes":	3675024,
				"bits_per_second":	29399690.825575344,
				"packets":	2538,
				"omitted":	false,
				"sender":	true
			}
		}, {
			"streams":	[{
					"socket":	6,
					"start":	7.000109,
					"end":	8.000097,
					"seconds":	0.9999880194664,
					"bytes":	3606968,
					"bits_per_second":	28856089.711352348,
					"packets":	2491,
					"omitted":	false,
					"sender":	true
				}],
			"sum":	{
				"start":	7.000109,
				"end":	8.000097,
				"seconds":	0.9999880194664,
				"bytes":	3606968,
				"bits_per_second":	28856089.711352348,
				"packets":	2491,
				"omitted":	false,
				"sender":	true
			}
		}, {
			"streams":	[{
					"socket":	6,
					"start":	8.000097,
					"end":	9.000084,
					"seconds":	0.999987006187439,
					"bytes":	3675024,
					"bits_per_second":	29400574.025548074,
					"packets":	2538,
					"omitted":	false,
					"sender":	true
				}],
			"sum":	{
				"start":	8.000097,
				"end":	9.000084,
				"seconds":	0.999987006187439,
				"bytes":	3675024,
				"bits_per_second":	29400574.025548074,
				"packets":	2538,
				"omitted":	false,
				"sender":	true
			}
		}, {
			"streams":	[{
					"socket":	6,
					"start":	9.000084,
					"end":	10.000105,
					"seconds":	1.0000209808349609,
					"bytes":	3675024,
					"bits_per_second":	29399575.172365386,
					"packets":	2538,
					"omitted":	false,
					"sender":	true
				}],
			"sum":	{
				"start":	9.000084,
				"end":	10.000105,
				"seconds":	1.0000209808349609,
				"bytes":	3675024,
				"bits_per_second":	29399575.172365386,
				"packets":	2538,
				"omitted":	false,
				"sender":	true
			}
		}, {
			"streams":	[{
					"socket":	6,
					"start":	10.000105,
					"end":	11.000105,
					"seconds":	1,
					"bytes":	3611312,
					"bits_per_second":	28890496,
					"packets":	2494,
					"omitted":	false,
					"sender":	true
				}],
			"sum":	{
				"start":	10.000105,
				"end":	11.000105,
				"seconds":	1,
				"bytes":	3611312,
				"bits_per_second":	28890496,
				"packets":	2494,
				"omitted":	false,
				"sender":	true
			}
		}, {
			"streams":	[{
					"socket":	6,
					"start":	11.000105,
					"end":	12.000114,
					"seconds":	1.0000089406967163,
					"bytes":	3615656,
					"bits_per_second":	28924989.390442338,
					"packets":	2497,
					"omitted":	false,
					"sender":	true
				}],
			"sum":	{
				"start":	11.000105,
				"end":	12.000114,
				"seconds":	1.0000089406967163,
				"bytes":	3615656,
				"bits_per_second":	28924989.390442338,
				"packets":	2497,
				"omitted":	false,
				"sender":	true
			}
		}, {
			"streams":	[{
					"socket":	6,
					"start":	12.000114,
					"end":	13.00025,
					"seconds":	1.0001360177993774,
					"bytes":	3676472,
					"bits_per_second":	29407776.019021306,
					"packets":	2539,
					"omitted":	false,
					"sender":	true
				}],
			"sum":	{
				"start":	12.000114,
				"end":	13.00025,
				"seconds":	1.0001360177993774,
				"bytes":	3676472,
				"bits_per_second":	29407776.019021306,
				"packets":	2539,
				"omitted":	false,
				"sender":	true
			}
		}, {
			"streams":	[{
					"socket":	6,
					"start":	13.00025,
					"end":	14.000095,
					"seconds":	0.999845027923584,
					"bytes":	3609864,
					"bits_per_second":	28883388.118630674,
					"packets":	2493,
					"omitted":	false,
					"sender":	true
				}],
			"sum":	{
				"start":	13.00025,
				"end":	14.000095,
				"seconds":	0.999845027923584,
				"bytes":	3609864,
				"bits_per_second":	28883388.118630674,
				"packets":	2493,
				"omitted":	false,
				"sender":	true
			}
		}, {
			"streams":	[{
					"socket":	6,
					"start":	14.000095,
					"end":	15.000096,
					"seconds":	1.0000009536743164,
					"bytes":	3676472,
					"bits_per_second":	29411747.95077138,
					"packets":	2539,
					"omitted":	false,
					"sender":	true
				}],
			"sum":	{
				"start":	14.000095,
				"end":	15.000096,
				"seconds":	1.0000009536743164,
				"bytes":	3676472,