{
	"start":	{
		"connected":	[{
				"socket":	6,
				"local_host":	"10.0.0.1",
				"local_port":	52549,
				"remote_host":	"10.0.0.2",
				"remote_port":	5203
			}],
		"version":	"iperf 3.16",
		"system_info":	"Linux DESKTOP-1SICFSU 6.6.87.2-microsoft-standard-WSL2+ #1 SMP PREEMPT_DYNAMIC Sat Nov  8 16:12:55 CET 2025 x86_64",
		"timestamp":	{
			"time":	"Sun, 09 Nov 2025 11:52:15 GMT",
			"timesecs":	1762689135
		},
		"connecting_to":	{
			"host":	"10.0.0.2",
			"port":	5203
		},
		"cookie":	"djviyvbbuyzfzfmminrd7sthnuztosubovx5",
		"target_bitrate":	50000000,
		"fq_rate":	0,
		"sock_bufsize":	0,
		"sndbuf_actual":	212992,
		"rcvbuf_actual":	212992,
		"test_start":	{
			"protocol":	"UDP",
			"num_streams":	1,
			"blksize":	1448,
			"omit":	0,
			"duration":	30,
			"bytes":	0,
			"blocks":	0,
			"reverse":	0,
			"tos":	0,
			"target_bitrate":	50000000,
			"bidir":	0,
			"fqrate":	0
		}
	},
	"intervals":	[{
			"streams":	[{
					"socket":	6,
					"start":	0,
					"end":	1.000066,
					"seconds":	1.0000660419464111,
					"bytes":	1362568,
					"bits_per_second":	10899824.154397305,
					"packets":	942,
					"omitted":	false,
					"sender":	true
				}],
			"sum":	{
				"start":	0,
				"end":	1.000066,
				"seconds":	1.0000660419464111,
				"bytes":	1362568,
				"bits_per_second":	10899824.154397305,
				"packets":	942,
				"omitted":	false,
				"sender":	true
			}
		}, {
			"streams":	[{
					"socket":	6,
					"start":	1.000066,
					"end":	2.000128,
					"seconds":	1.0000619888305664,
					"bytes":	1226456,
					"bits_per_second":	9811039.8251146,
					"packets":	847,
					"omitted":	false,
					"sender":	true
				}],
			"sum":	{
				"start":	1.000066,
				"end":	2.000128,
				"seconds":	1.0000619888305664,
				"bytes":	1226456,
				"bits_per_second":	9811039.8251146,
				"packets":	847,
				"omitted":	false,
				"sender":	true
			}
		}, {
			"streams":	[{
					"socket":	6,
					"start":	2.000128,
					"end":	3.000077,
					"seconds":	0.99994897842407227,
					"bytes":	1156952,
					"bits_per_second":	9256088.26020996,
					"packets":	799,
					"omitted":	false,
					"sender":	true
				}],
			"sum":	{
				"start":	2.000128,
				"end":	3.000077,
				"seconds":	0.99994897842407227,
				"bytes":	1156952,
				"bits_per_second":	9256088.26020996,
				"packets":	799,
				"omitted":	false,
				"sender":	true
			}
		}, {
			"streams":	[{
					"socket":	6,
					"start":	3.000077,
					"end":	4.000079,
					"seconds":	1.0000020265579224,
					"bytes":	1225008,
					"bits_per_second":	9800044.13964291,
					"packets":	846,
					"omitted":	false,
					"sender":	true
				}],
			"sum":	{
				"start":	3.000077,
				"end":	4.000079,
				"seconds":	1.0000020265579224,
				"bytes":	1225008,
				"bits_per_second":	9800044.13964291,
				"packets":	846,
				"omitted":	false,
				"sender":	true
			}
		}, {
			"streams":	[{
					"socket":	6,
					"start":	4.000079,
					"end":	5.000076,
					"seconds":	0.99999701976776123,
					"bytes":	1225008,
					"bits_per_second":	9800093.2065537162,
					"packets":	846,
					"omitted":	false,
					"sender":	true
				}],
			"sum":	{
				"start":	4.000079,
				"end":	5.000076,
				"seconds":	0.99999701976776123,
				"bytes":	1225008,
				"bits_per_second":	9800093.2065537162,
				"packets":	846,
				"omitted":	false,
				"sender":	true
			}
		}, {
			"streams":	[{
					"socket":	6,
					"start":	5.000076,
					"end":	6.000083,
					"seconds":	1.0000070333480835,
					"bytes":	1225008,
					"bits_per_second":	9799995.0732234344,
					"packets":	846,
					"omitted":	false,
					"sender":	true
				}],
			"sum":	{
				"start":	5.000076,
				"end":	6.000083,
				"seconds":	1.0000070333480835,
				"bytes":	1225008,
				"bits_per_second":	9799995.0732234344,
				"packets":	846,
				"omitted":	false,
				"sender":	true
			}
		}, {
			"streams":	[{
					"socket":	6,
					"start":	6.000083,
					"end":	7.000104,
					"seconds":	1.0000209808349609,
					"bytes":	1225008,
					"bits_per_second":	9799858.39078846,
					"packets":	846,
					"omitted":	false,
					"sender":	true
				}],
			"sum":	{
				"start":	6.000083,
				"end":	7.000104,
				"seconds":	1.0000209808349609,
				"bytes":	1225008,
				"bits_per_second":	9799858.39078846,
				"packets":	846,
				"omitted":	false,
				"sender":	true
			}
		}, {
			"streams":	[{
					"socket":	6,
					"start":	7.000104,
					"end":	8.000141,
					"seconds":	1.0000369548797607,
					"bytes":	1225008,
					"bits_per_second":	9799701.8531963248,
					"packets":	846,
					"omitted":	false,
					"sender":	true
				}],
			"sum":	{
				"start":	7.000104,
				"end":	8.000141,
				"seconds":	1.0000369548797607,
				"bytes":	1225008,
				"bits_per_second":	9799701.8531963248,
				"packets":	846,
				"omitted":	false,
				"sender":	true
			}
		}, {
			"streams":	[{
					"socket":	6,
					"start":	8.000141,
					"end":	9.000078,
					"seconds":	0.99993699789047241,
					"bytes":	1156952,
					"bits_per_second":	9256199.16007329,
					"packets":	799,
					"omitted":	false,
					"sender":	true
				}],
			"sum":	{
				"start":	8.000141,
				"end":	9.000078,
				"seconds":	0.99993699789047241,
				"bytes":	1156952,
				"bits_per_second":	9256199.16007329,
				"packets":	799,
				"omitted":	false,
				"sender":	true
			}
		}, {
			"streams":	[{
					"socket":	6,
					"start":	9.000078,
					"end":	10.000078,
					"seconds":	1,
					"bytes":	1225008,
					"bits_per_second":	9800064,
					"packets":	846,
					"omitted":	false,
					"sender":	true
				}],
			"sum":	{
				"start":	9.000078,
				"end":	10.000078,
				"seconds":	1,
				"bytes":	1225008,
				"bits_per_second":	9800064,
				"packets":	846,
				"omitted":	false,
				"sender":	true
			}
		}, {
			"streams":	[{
					"socket":	6,
					"start":	10.000078,
					"end":	11.000072,
					"seconds":	0.99999397993087769,
					"bytes":	1225008,
					"bits_per_second":	9800122.99741785,
					"packets":	846,
					"omitted":	false,
					"sender":	true
				}],
			"sum":	{
				"start":	10.000078,
				"end":	11.000072,
				"seconds":	0.99999397993087769,
				"bytes":	1225008,
				"bits_per_second":	9800122.99741785,
				"packets":	846,
				"omitted":	false,
				"sender":	true
			}
		}, {
			"streams":	[{
					"socket":	6,
					"start":	11.000072,
					"end":	12.00007,
					"seconds":	0.99999797344207764,
					"bytes":	1225008,
					"bits_per_second":	9800083.8604375869,
					"packets":	846,
					"omitted":	false,
					"sender":	true
				}],
			"sum":	{
				"start":	11.000072,
				"end":	12.00007,
				"seconds":	0.99999797344207764,
				"bytes":	1225008,
				"bits_per_second":	9800083.8604375869,
				"packets":	846,
				"omitted":	false,
				"sender":	true
			}
		}, {
			"streams":	[{
					"socket":	6,
					"start":	12.00007,
					"end":	13.000091,
					"seconds":	1.0000209808349609,
					"bytes":	1225008,
					"bits_per_second":	9799858.39078846,
					"packets":	846,
					"omitted":	false,
					"sender":	true
				}],
			"sum":	{
				"start":	12.00007,
				"end":	13.000091,
				"seconds":	1.0000209808349609,
				"bytes":	1225008,
				"bits_per_second":	9799858.39078846,
				"packets":	846,
				"omitted":	false,
				"sender":	true
			}
		}, {
			"streams":	[{
					"socket":	6,
					"start":	13.000091,
					"end":	14.000112,
					"seconds":	1.0000209808349609,
					"bytes":	1225008,
					"bits_per_second":	9799858.39078846,
					"packets":	846,
					"omitted":	false,
					"sender":	true
				}],
			"sum":	{
				"start":	13.000091,
				"end":	14.000112,
				"seconds":	1.0000209808349609,
				"bytes":	1225008,
				"bits_per_second":	9799858.39078846,
				"packets":	846,
				"omitted":	false,
				"sender":	true
			}
		}, {
			"streams":	[{
					"socket":	6,
					"start":	14.000112,
					"end":	15.000138,
					"seconds":	1.0000259876251221,
					"bytes":	1156952,
					"bits_per_second":	9255375.4747718,
					"packets":	799,
					"omitted":	false,
					"sender":	true
				}],
			"sum":	{
				"start":	14.000112,
				"end":	15.000138,
				"seconds":	1.0000259876251221,
				"bytes":	1156952,