{
	"start":	{
		"connected":	[{
				"socket":	6,
				"local_host":	"10.0.0.1",
				"local_port":	35775,
				"remote_host":	"10.0.0.2",
				"remote_port":	5203
			}],
		"version":	"iperf 3.16",
		"system_info":	"Linux DESKTOP-1SICFSU 6.6.87.2-microsoft-standard-WSL2+ #1 SMP PREEMPT_DYNAMIC Sat Nov  8 16:12:55 CET 2025 x86_64",
		"timestamp":	{
			"time":	"Sun, 09 Nov 2025 11:39:35 GMT",
			"timesecs":	1762688375
		},
		"connecting_to":	{
			"host":	"10.0.0.2",
			"port":	5203
		},
		"cookie":	"ldca23v54uusqajz2r3v5kcy7aifn5r7yflk",
		"target_bitrate":	50000000,
		"fq_rate":	0,
		"sock_bufsize":	0,
		"sndbuf_actual":	212992,
		"rcvbuf_actual":	212992,
		"test_start":	{
			"protocol":	"UDP",
			"num_streams":	1,
			"blksize":	1448,
			"omit":	0,
			"duration":	30,
			"bytes":	0,
			"blocks":	0,
			"reverse":	0,
			"tos":	0,
			"target_bitrate":	50000000,
			"bidir":	0,
			"fqrate":	0
		}
	},
	"intervals":	[{
			"streams":	[{
					"socket":	6,
					"start":	0,
					"end":	1.00011,
					"seconds":	1.0001100301742554,
					"bytes":	1361120,
					"bits_per_second":	10887762.017647948,
					"packets":	941,
					"omitted":	false,
					"sender":	true
				}],
			"sum":	{
				"start":	0,
				"end":	1.00011,
				"seconds":	1.0001100301742554,
				"bytes":	1361120,
				"bits_per_second":	10887762.017647948,
				"packets":	941,
				"omitted":	false,
				"sender":	true
			}
		}, {
			"streams":	[{
					"socket":	6,
					"start":	1.00011,
					"end":	2.000085,
					"seconds":	0.999975025653839,
					"bytes":	1225008,
					"bits_per_second":	9800308.7563033644,
					"packets":	846,
					"omitted":	false,
					"sender":	true
				}],
			"sum":	{
				"start":	1.00011,
				"end":	2.000085,
				"seconds":	0.999975025653839,
				"bytes":	1225008,
				"bits_per_second":	9800308.7563033644,
				"packets":	846,
				"omitted":	false,
				"sender":	true
			}
		}, {
			"streams":	[{
					"socket":	6,
					"start":	2.000085,
					"end":	3.000077,
					"seconds":	0.9999920129776,
					"bytes":	1156952,
					"bits_per_second":	9255689.92540276,
					"packets":	799,
					"omitted":	false,
					"sender":	true
				}],
			"sum":	{
				"start":	2.000085,
				"end":	3.000077,
				"seconds":	0.9999920129776,
				"bytes":	1156952,
				"bits_per_second":	9255689.92540276,
				"packets":	799,
				"omitted":	false,
				"sender":	true
			}
		}, {
			"streams":	[{
					"socket":	6,
					"start":	3.000077,
					"end":	4.000079,
					"seconds":	1.0000020265579224,
					"bytes":	1225008,
					"bits_per_second":	9800044.13964291,
					"packets":	846,
					"omitted":	false,
					"sender":	true
				}],
			"sum":	{
				"start":	3.000077,
				"end":	4.000079,
				"seconds":	1.0000020265579224,
				"bytes":	1225008,
				"bits_per_second":	9800044.13964291,
				"packets":	846,
				"omitted":	false,
				"sender":	true
			}
		}, {
			"streams":	[{
					"socket":	6,
					"start":	4.000079,
					"end":	5.000077,
					"seconds":	0.99999797344207764,
					"bytes":	1225008,
					"bits_per_second":	9800083.8604375869,
					"packets":	846,
					"omitted":	false,
					"sender":	true
				}],
			"sum":	{
				"start":	4.000079,
				"end":	5.000077,
				"seconds":	0.99999797344207764,
				"bytes":	1225008,
				"bits_per_second":	9800083.8604375869,
				"packets":	846,
				"omitted":	false,
				"sender":	true
			}
		}, {
			"streams":	[{
					"socket":	6,
					"start":	5.000077,
					"end":	6.000061,
					"seconds":	0.9999840259552002,
					"bytes":	1225008,
					"bits_per_second":	9800220.5491621,
					"packets":	846,
					"omitted":	false,
					"sender":	true
				}],
			"sum":	{
				"start":	5.000077,
				"end":	6.000061,
				"seconds":	0.9999840259552002,
				"bytes":	1225008,
				"bits_per_second":	9800220.5491621,
				"packets":	846,
				"omitted":	false,
				"sender":	true
			}
		}, {
			"streams":	[{
					"socket":	6,
					"start":	6.000061,
					"end":	7.000085,
					"seconds":	1.0000239610672,
					"bytes":	1225008,
					"bits_per_second":	9799829.18563434,
					"packets":	846,
					"omitted":	false,
					"sender":	true
				}],
			"sum":	{
				"start":	6.000061,
				"end":	7.000085,
				"seconds":	1.0000239610672,
				"bytes":	1225008,
				"bits_per_second":	9799829.18563434,
				"packets":	846,
				"omitted":	false,
				"sender":	true
			}
		}, {
			"streams":	[{
					"socket":	6,
					"start":	7.000085,
					"end":	8.000094,
					"seconds":	1.0000089406967163,
					"bytes":	1225008,
					"bits_per_second":	9799976.3813833464,
					"packets":	846,
					"omitted":	false,
					"sender":	true
				}],
			"sum":	{
				"start":	7.000085,
				"end":	8.000094,
				"seconds":	1.0000089406967163,
				"bytes":	1225008,
				"bits_per_second":	9799976.3813833464,
				"packets":	846,
				"omitted":	false,
				"sender":	true
			}
		}, {
			"streams":	[{
					"socket":	6,
					"start":	8.000094,
					"end":	9.000125,
					"seconds":	1.0000309944152832,
					"bytes":	1156952,
					"bits_per_second":	9255329.13648516,
					"packets":	799,
					"omitted":	false,
					"sender":	true
				}],
			"sum":	{
				"start":	8.000094,
				"end":	9.000125,
				"seconds":	1.0000309944152832,
				"bytes":	1156952,
				"bits_per_second":	9255329.13648516,
				"packets":	799,
				"omitted":	false,
				"sender":	true
			}
		}, {
			"streams":	[{
					"socket":	6,
					"start":	9.000125,
					"end":	10.000076,
					"seconds":	0.99995100498199463,
					"bytes":	1225008,
					"bits_per_second":	9800544.1778384559,
					"packets":	846,
					"omitted":	false,
					"sender":	true
				}],
			"sum":	{
				"start":	9.000125,
				"end":	10.000076,
				"seconds":	0.99995100498199463,
				"bytes":	1225008,
				"bits_per_second":	9800544.1778384559,
				"packets":	846,
				"omitted":	false,
				"sender":	true
			}
		}, {
			"streams":	[{
					"socket":	6,
					"start":	10.000076,
					"end":	11.000081,
					"seconds":	1.0000050067901611,
					"bytes":	1225008,
					"bits_per_second":	9800014.93338165,
					"packets":	846,
					"omitted":	false,
					"sender":	true
				}],
			"sum":	{
				"start":	10.000076,
				"end":	11.000081,
				"seconds":	1.0000050067901611,
				"bytes":	1225008,
				"bits_per_second":	9800014.93338165,
				"packets":	846,
				"omitted":	false,
				"sender":	true
			}
		}, {
			"streams":	[{
					"socket":	6,
					"start":	11.000081,
					"end":	12.000077,
					"seconds":	0.9999960064888,
					"bytes":	1225008,
					"bits_per_second":	9800103.1368216369,
					"packets":	846,
					"omitted":	false,
					"sender":	true
				}],
			"sum":	{
				"start":	11.000081,
				"end":	12.000077,
				"seconds":	0.9999960064888,
				"bytes":	1225008,
				"bits_per_second":	9800103.1368216369,
				"packets":	846,
				"omitted":	false,
				"sender":	true
			}
		}, {
			"streams":	[{
					"socket":	6,
					"start":	12.000077,
					"end":	13.000111,
					"seconds":	1.000033974647522,
					"bytes":	1225008,
					"bits_per_second":	9799731.05759151,
					"packets":	846,
					"omitted":	false,
					"sender":	true
				}],
			"sum":	{
				"start":	12.000077,
				"end":	13.000111,
				"seconds":	1.000033974647522,
				"bytes":	1225008,
				"bits_per_second":	9799731.05759151,
				"packets":	846,
				"omitted":	false,
				"sender":	true
			}
		}, {
			"streams":	[{
					"socket":	6,
					"start":	13.000111,
					"end":	14.000128,
					"seconds":	1.0000170469284058,
					"bytes":	1225008,
					"bits_per_second":	9799896.94185845,
					"packets":	846,
					"omitted":	false,
					"sender":	true
				}],
			"sum":	{
				"start":	13.000111,
				"end":	14.000128,
				"seconds":	1.0000170469284058,
				"bytes":	1225008,
				"bits_per_second":	9799896.94185845,
				"packets":	846,
				"omitted":	false,
				"sender":	true
			}
		}, {
			"streams":	[{
					"socket":	6,
					"start":	14.000128,
					"end":	15.000078,
					"seconds":	0.99994999170303345,
					"bytes":	1156952,
					"bits_per_second":	9256078.8807414137,
					"packets":	799,
					"omitted":	false,
					"sender":	true
				}],
			"sum":	{
				"start":	14.000128,
				"end":	15.000078,