{
	"start":	{
		"connected":	[{
				"socket":	6,
				"local_host":	"10.0.0.1",
				"local_port":	53137,
				"remote_host":	"10.0.0.2",
				"remote_port":	5203
			}],
		"version":	"iperf 3.16",
		"system_info":	"Linux DESKTOP-1SICFSU 6.6.87.2-microsoft-standard-WSL2+ #1 SMP PREEMPT_DYNAMIC Sat Nov  8 16:12:55 CET 2025 x86_64",
		"timestamp":	{
			"time":	"Sun, 09 Nov 2025 12:09:08 GMT",
			"timesecs":	1762690148
		},
		"connecting_to":	{
			"host":	"10.0.0.2",
			"port":	5203
		},
		"cookie":	"dsve64k6lu2yrlh64rulptozi5dg4hbanie5",
		"target_bitrate":	50000000,
		"fq_rate":	0,
		"sock_bufsize":	0,
		"sndbuf_actual":	212992,
		"rcvbuf_actual":	212992,
		"test_start":	{
			"protocol":	"UDP",
			"num_streams":	1,
			"blksize":	1448,
			"omit":	0,
			"duration":	30,
			"bytes":	0,
			"blocks":	0,
			"reverse":	0,
			"tos":	0,
			"target_bitrate":	50000000,
			"bidir":	0,
			"fqrate":	0
		}
	},
	"intervals":	[{
			"streams":	[{
					"socket":	6,
					"start":	0,
					"end":	1.000075,
					"seconds":	1.0000749826431274,
					"bytes":	6245224,
					"bits_per_second":	49958046.0136644,
					"packets":	4313,
					"omitted":	false,
					"sender":	true
				}],
			"sum":	{
				"start":	0,
				"end":	1.000075,
				"seconds":	1.0000749826431274,
				"bytes":	6245224,
				"bits_per_second":	49958046.0136644,
				"packets":	4313,
				"omitted":	false,
				"sender":	true
			}
		}, {
			"streams":	[{
					"socket":	6,
					"start":	1.000075,
					"end":	2.000088,
					"seconds":	1.000012993812561,
					"bytes":	6249568,
					"bits_per_second":	49995894.362719826,
					"packets":	4316,
					"omitted":	false,
					"sender":	true
				}],
			"sum":	{
				"start":	1.000075,
				"end":	2.000088,
				"seconds":	1.000012993812561,
				"bytes":	6249568,
				"bits_per_second":	49995894.362719826,
				"packets":	4316,
				"omitted":	false,
				"sender":	true
			}
		}, {
			"streams":	[{
					"socket":	6,
					"start":	2.000088,
					"end":	3.00008,
					"seconds":	0.9999920129776,
					"bytes":	6251016,
					"bits_per_second":	50008527.41922868,
					"packets":	4317,
					"omitted":	false,
					"sender":	true
				}],
			"sum":	{
				"start":	2.000088,
				"end":	3.00008,
				"seconds":	0.9999920129776,
				"bytes":	6251016,
				"bits_per_second":	50008527.41922868,
				"packets":	4317,
				"omitted":	false,
				"sender":	true
			}
		}, {
			"streams":	[{
					"socket":	6,
					"start":	3.00008,
					"end":	4.000082,
					"seconds":	1.0000020265579224,
					"bytes":	6249568,
					"bits_per_second":	49996442.679313,
					"packets":	4316,
					"omitted":	false,
					"sender":	true
				}],
			"sum":	{
				"start":	3.00008,
				"end":	4.000082,
				"seconds":	1.0000020265579224,
				"bytes":	6249568,
				"bits_per_second":	49996442.679313,
				"packets":	4316,
				"omitted":	false,
				"sender":	true
			}
		}, {
			"streams":	[{
					"socket":	6,
					"start":	4.000082,
					"end":	5.000097,
					"seconds":	1.0000150203704834,
					"bytes":	6249568,
					"bits_per_second":	49995793.044665858,
					"packets":	4316,
					"omitted":	false,
					"sender":	true
				}],
			"sum":	{
				"start":	4.000082,
				"end":	5.000097,
				"seconds":	1.0000150203704834,
				"bytes":	6249568,
				"bits_per_second":	49995793.044665858,
				"packets":	4316,
				"omitted":	false,
				"sender":	true
			}
		}, {
			"streams":	[{
					"socket":	6,
					"start":	5.000097,
					"end":	6.00008,
					"seconds":	0.999983012676239,
					"bytes":	6249568,
					"bits_per_second":	49997393.321907565,
					"packets":	4316,
					"omitted":	false,
					"sender":	true
				}],
			"sum":	{
				"start":	5.000097,
				"end":	6.00008,
				"seconds":	0.999983012676239,
				"bytes":	6249568,
				"bits_per_second":	49997393.321907565,
				"packets":	4316,
				"omitted":	false,
				"sender":	true
			}
		}, {
			"streams":	[{
					"socket":	6,
					"start":	6.00008,
					"end":	7.000081,
					"seconds":	1.0000009536743164,
					"bytes":	6251016,
					"bits_per_second":	50008080.3085782,
					"packets":	4317,
					"omitted":	false,
					"sender":	true
				}],
			"sum":	{
				"start":	6.00008,
				"end":	7.000081,
				"seconds":	1.0000009536743164,
				"bytes":	6251016,
				"bits_per_second":	50008080.3085782,
				"packets":	4317,
				"omitted":	false,
				"sender":	true
			}
		}, {
			"streams":	[{
					"socket":	6,
					"start":	7.000081,
					"end":	8.000171,
					"seconds":	1.0000900030136108,
					"bytes":	6249568,
					"bits_per_second":	49992044.565332554,
					"packets":	4316,
					"omitted":	false,
					"sender":	true
				}],
			"sum":	{
				"start":	7.000081,
				"end":	8.000171,
				"seconds":	1.0000900030136108,
				"bytes":	6249568,
				"bits_per_second":	49992044.565332554,
				"packets":	4316,
				"omitted":	false,
				"sender":	true
			}
		}, {
			"streams":	[{
					"socket":	6,
					"start":	8.000171,
					"end":	9.000081,
					"seconds":	0.999909996986389,
					"bytes":	6249568,
					"bits_per_second":	50001044.244665712,
					"packets":	4316,
					"omitted":	false,
					"sender":	true
				}],
			"sum":	{
				"start":	8.000171,
				"end":	9.000081,
				"seconds":	0.999909996986389,
				"bytes":	6249568,
				"bits_per_second":	50001044.244665712,
				"packets":	4316,
				"omitted":	false,
				"sender":	true
			}
		}, {
			"streams":	[{
					"socket":	6,
					"start":	9.000081,
					"end":	10.000081,
					"seconds":	1,
					"bytes":	6251016,
					"bits_per_second":	50008128,
					"packets":	4317,
					"omitted":	false,
					"sender":	true
				}],
			"sum":	{
				"start":	9.000081,
				"end":	10.000081,
				"seconds":	1,
				"bytes":	6251016,
				"bits_per_second":	50008128,
				"packets":	4317,
				"omitted":	false,
				"sender":	true
			}
		}, {
			"streams":	[{
					"socket":	6,
					"start":	10.000081,
					"end":	11.000116,
					"seconds":	1.0000350475311279,
					"bytes":	6249568,
					"bits_per_second":	49994791.805977948,
					"packets":	4316,
					"omitted":	false,
					"sender":	true
				}],
			"sum":	{
				"start":	10.000081,
				"end":	11.000116,
				"seconds":	1.0000350475311279,
				"bytes":	6249568,
				"bits_per_second":	49994791.805977948,
				"packets":	4316,
				"omitted":	false,
				"sender":	true
			}
		}, {
			"streams":	[{
					"socket":	6,
					"start":	11.000116,
					"end":	12.00008,
					"seconds":	0.99996399879455566,
					"bytes":	6249568,
					"bits_per_second":	49998344.000654243,
					"packets":	4316,
					"omitted":	false,
					"sender":	true
				}],
			"sum":	{
				"start":	11.000116,
				"end":	12.00008,
				"seconds":	0.99996399879455566,
				"bytes":	6249568,
				"bits_per_second":	49998344.000654243,
				"packets":	4316,
				"omitted":	false,
				"sender":	true
			}
		}, {
			"streams":	[{
					"socket":	6,
					"start":	12.00008,
					"end":	13.0001,
					"seconds":	1.0000200271606445,
					"bytes":	6249568,
					"bits_per_second":	49995542.7312342,
					"packets":	4316,
					"omitted":	false,
					"sender":	true
				}],
			"sum":	{
				"start":	12.00008,
				"end":	13.0001,
				"seconds":	1.0000200271606445,
				"bytes":	6249568,
				"bits_per_second":	49995542.7312342,
				"packets":	4316,
				"omitted":	false,
				"sender":	true
			}
		}, {
			"streams":	[{
					"socket":	6,
					"start":	13.0001,
					"end":	14.000085,
					"seconds":	0.9999849796295166,
					"bytes":	6251016,
					"bits_per_second":	50008879.151892319,
					"packets":	4317,
					"omitted":	false,
					"sender":	true
				}],
			"sum":	{
				"start":	13.0001,
				"end":	14.000085,
				"seconds":	0.9999849796295166,
				"bytes":	6251016,
				"bits_per_second":	50008879.151892319,
				"packets":	4317,
				"omitted":	false,
				"sender":	true
			}
		}, {
			"streams":	[{
					"socket":	6,
					"start":	14.000085,
					"end":	15.000082,
					"seconds":	0.99999701976776123,
					"bytes":	6249568,
					"bits_per_second":	49996693.001756318,
					"packets":	4316,
					"omitted":	false,
					"sender":	true
				}],
			"sum":	{
				"start":	14.000085,
				"end":	15.000082,
				"seconds":	0.99999701976776123,