{
	"start":	{
		"connected":	[{
				"socket":	6,
				"local_host":	"10.0.0.1",
				"local_port":	38904,
				"remote_host":	"10.0.0.2",
				"remote_port":	5203
			}],
		"version":	"iperf 3.16",
		"system_info":	"Linux DESKTOP-1SICFSU 6.6.87.2-microsoft-standard-WSL2+ #1 SMP PREEMPT_DYNAMIC Sat Nov  8 16:12:55 CET 2025 x86_64",
		"timestamp":	{
			"time":	"Sun, 09 Nov 2025 12:13:23 GMT",
			"timesecs":	1762690403
		},
		"connecting_to":	{
			"host":	"10.0.0.2",
			"port":	5203
		},
		"cookie":	"r5gfwfbhmumq4ldmycenguw2fays7frs3otq",
		"target_bitrate":	50000000,
		"fq_rate":	0,
		"sock_bufsize":	0,
		"sndbuf_actual":	212992,
		"rcvbuf_actual":	212992,
		"test_start":	{
			"protocol":	"UDP",
			"num_streams":	1,
			"blksize":	1448,
			"omit":	0,
			"duration":	30,
			"bytes":	0,
			"blocks":	0,
			"reverse":	0,
			"tos":	0,
			"target_bitrate":	50000000,
			"bidir":	0,
			"fqrate":	0
		}
	},
	"intervals":	[{
			"streams":	[{
					"socket":	6,
					"start":	0,
					"end":	1.000089,
					"seconds":	1.0000890493392944,
					"bytes":	6245224,
					"bits_per_second":	49957343.331583418,
					"packets":	4313,
					"omitted":	false,
					"sender":	true
				}],
			"sum":	{
				"start":	0,
				"end":	1.000089,
				"seconds":	1.0000890493392944,
				"bytes":	6245224,
				"bits_per_second":	49957343.331583418,
				"packets":	4313,
				"omitted":	false,
				"sender":	true
			}
		}, {
			"streams":	[{
					"socket":	6,
					"start":	1.000089,
					"end":	2.000086,
					"seconds":	0.99999701976776123,
					"bytes":	6249568,
					"bits_per_second":	49996693.001756318,
					"packets":	4316,
					"omitted":	false,
					"sender":	true
				}],
			"sum":	{
				"start":	1.000089,
				"end":	2.000086,
				"seconds":	0.99999701976776123,
				"bytes":	6249568,
				"bits_per_second":	49996693.001756318,
				"packets":	4316,
				"omitted":	false,
				"sender":	true
			}
		}, {
			"streams":	[{
					"socket":	6,
					"start":	2.000086,
					"end":	3.000199,
					"seconds":	1.0001130104064941,
					"bytes":	6251016,
					"bits_per_second":	50002477.199725948,
					"packets":	4317,
					"omitted":	false,
					"sender":	true
				}],
			"sum":	{
				"start":	2.000086,
				"end":	3.000199,
				"seconds":	1.0001130104064941,
				"bytes":	6251016,
				"bits_per_second":	50002477.199725948,
				"packets":	4317,
				"omitted":	false,
				"sender":	true
			}
		}, {
			"streams":	[{
					"socket":	6,
					"start":	3.000199,
					"end":	4.000086,
					"seconds":	0.999886989593506,
					"bytes":	6249568,
					"bits_per_second":	50002194.768356368,
					"packets":	4316,
					"omitted":	false,
					"sender":	true
				}],
			"sum":	{
				"start":	3.000199,
				"end":	4.000086,
				"seconds":	0.999886989593506,
				"bytes":	6249568,
				"bits_per_second":	50002194.768356368,
				"packets":	4316,
				"omitted":	false,
				"sender":	true
			}
		}, {
			"streams":	[{
					"socket":	6,
					"start":	4.000086,
					"end":	5.000102,
					"seconds":	1.0000159740448,
					"bytes":	6249568,
					"bits_per_second":	49995745.365723729,
					"packets":	4316,
					"omitted":	false,
					"sender":	true
				}],
			"sum":	{
				"start":	4.000086,
				"end":	5.000102,
				"seconds":	1.0000159740448,
				"bytes":	6249568,
				"bits_per_second":	49995745.365723729,
				"packets":	4316,
				"omitted":	false,
				"sender":	true
			}
		}, {
			"streams":	[{
					"socket":	6,
					"start":	5.000102,
					"end":	6.000086,
					"seconds":	0.9999840259552002,
					"bytes":	6249568,
					"bits_per_second":	49997342.659791522,
					"packets":	4316,
					"omitted":	false,
					"sender":	true
				}],
			"sum":	{
				"start":	5.000102,
				"end":	6.000086,
				"seconds":	0.9999840259552002,
				"bytes":	6249568,
				"bits_per_second":	49997342.659791522,
				"packets":	4316,
				"omitted":	false,
				"sender":	true
			}
		}, {
			"streams":	[{
					"socket":	6,
					"start":	6.000086,
					"end":	7.000089,
					"seconds":	1.0000029802322388,
					"bytes":	6251016,
					"bits_per_second":	50007978.9646089,
					"packets":	4317,
					"omitted":	false,
					"sender":	true
				}],
			"sum":	{
				"start":	6.000086,
				"end":	7.000089,
				"seconds":	1.0000029802322388,
				"bytes":	6251016,
				"bits_per_second":	50007978.9646089,
				"packets":	4317,
				"omitted":	false,
				"sender":	true
			}
		}, {
			"streams":	[{
					"socket":	6,
					"start":	7.000089,
					"end":	8.00009,
					"seconds":	1.0000009536743164,
					"bytes":	6249568,
					"bits_per_second":	49996496.319625549,
					"packets":	4316,
					"omitted":	false,
					"sender":	true
				}],
			"sum":	{
				"start":	7.000089,
				"end":	8.00009,
				"seconds":	1.0000009536743164,
				"bytes":	6249568,
				"bits_per_second":	49996496.319625549,
				"packets":	4316,
				"omitted":	false,
				"sender":	true
			}
		}, {
			"streams":	[{
					"socket":	6,
					"start":	8.00009,
					"end":	9.000082,
					"seconds":	0.9999920129776,
					"bytes":	6249568,
					"bits_per_second":	49996943.326706275,
					"packets":	4316,
					"omitted":	false,
					"sender":	true
				}],
			"sum":	{
				"start":	8.00009,
				"end":	9.000082,
				"seconds":	0.9999920129776,
				"bytes":	6249568,
				"bits_per_second":	49996943.326706275,
				"packets":	4316,
				"omitted":	false,
				"sender":	true
			}
		}, {
			"streams":	[{
					"socket":	6,
					"start":	9.000082,
					"end":	10.000079,
					"seconds":	0.99999701976776123,
					"bytes":	6251016,
					"bits_per_second":	50008277.036279432,
					"packets":	4317,
					"omitted":	false,
					"sender":	true
				}],
			"sum":	{
				"start":	9.000082,
				"end":	10.000079,
				"seconds":	0.99999701976776123,
				"bytes":	6251016,
				"bits_per_second":	50008277.036279432,
				"packets":	4317,
				"omitted":	false,
				"sender":	true
			}
		}, {
			"streams":	[{
					"socket":	6,
					"start":	10.000079,
					"end":	11.000075,
					"seconds":	0.9999960064888,
					"bytes":	6249568,
					"bits_per_second":	49996743.662555777,
					"packets":	4316,
					"omitted":	false,
					"sender":	true
				}],
			"sum":	{
				"start":	10.000079,
				"end":	11.000075,
				"seconds":	0.9999960064888,
				"bytes":	6249568,
				"bits_per_second":	49996743.662555777,
				"packets":	4316,
				"omitted":	false,
				"sender":	true
			}
		}, {
			"streams":	[{
					"socket":	6,
					"start":	11.000075,
					"end":	12.000086,
					"seconds":	1.0000109672546387,
					"bytes":	6249568,
					"bits_per_second":	49995995.681184448,
					"packets":	4316,
					"omitted":	false,
					"sender":	true
				}],
			"sum":	{
				"start":	11.000075,
				"end":	12.000086,
				"seconds":	1.0000109672546387,
				"bytes":	6249568,
				"bits_per_second":	49995995.681184448,
				"packets":	4316,
				"omitted":	false,
				"sender":	true
			}
		}, {
			"streams":	[{
					"socket":	6,
					"start":	12.000086,
					"end":	13.000086,
					"seconds":	1,
					"bytes":	6249568,
					"bits_per_second":	49996544,
					"packets":	4316,
					"omitted":	false,
					"sender":	true
				}],
			"sum":	{
				"start":	12.000086,
				"end":	13.000086,
				"seconds":	1,
				"bytes":	6249568,
				"bits_per_second":	49996544,
				"packets":	4316,
				"omitted":	false,
				"sender":	true
			}
		}, {
			"streams":	[{
					"socket":	6,
					"start":	13.000086,
					"end":	14.000097,
					"seconds":	1.0000109672546387,
					"bytes":	6251016,
					"bits_per_second":	50007579.554141164,
					"packets":	4317,
					"omitted":	false,
					"sender":	true
				}],
			"sum":	{
				"start":	13.000086,
				"end":	14.000097,
				"seconds":	1.0000109672546387,
				"bytes":	6251016,
				"bits_per_second":	50007579.554141164,
				"packets":	4317,
				"omitted":	false,
				"sender":	true
			}
		}, {
			"streams":	[{
					"socket":	6,
					"start":	14.000097,
					"end":	15.000132,
					"seconds":	1.0000350475311279,
					"bytes":	6249568,
					"bits_per_second":	49994791.805977948,
					"packets":	4316,
					"omitted":	false,
					"sender":	true
				}],
			"sum":	{
				"start":	14.000097,
				"end":	15.000132,