{
	"start":	{
		"connected":	[{
				"socket":	6,
				"local_host":	"10.0.0.1",
				"local_port":	33614,
				"remote_host":	"10.0.0.2",
				"remote_port":	5203
			}],
		"version":	"iperf 3.16",
		"system_info":	"Linux DESKTOP-1SICFSU 6.6.87.2-microsoft-standard-WSL2+ #1 SMP PREEMPT_DYNAMIC Sat Nov  8 16:12:55 CET 2025 x86_64",
		"timestamp":	{
			"time":	"Sun, 09 Nov 2025 11:40:56 GMT",
			"timesecs":	1762688456
		},
		"connecting_to":	{
			"host":	"10.0.0.2",
			"port":	5203
		},
		"cookie":	"7bjvzqexq7hcumyfqqgbbobl2jnovwb73qeb",
		"target_bitrate":	50000000,
		"fq_rate":	0,
		"sock_bufsize":	0,
		"sndbuf_actual":	212992,
		"rcvbuf_actual":	212992,
		"test_start":	{
			"protocol":	"UDP",
			"num_streams":	1,
			"blksize":	1448,
			"omit":	0,
			"duration":	30,
			"bytes":	0,
			"blocks":	0,
			"reverse":	0,
			"tos":	0,
			"target_bitrate":	50000000,
			"bidir":	0,
			"fqrate":	0
		}
	},
	"intervals":	[{
			"streams":	[{
					"socket":	6,
					"start":	0,
					"end":	1.00007,
					"seconds":	1.0000699758529663,
					"bytes":	1362568,
					"bits_per_second":	10899781.27850789,
					"packets":	942,
					"omitted":	false,
					"sender":	true
				}],
			"sum":	{
				"start":	0,
				"end":	1.00007,
				"seconds":	1.0000699758529663,
				"bytes":	1362568,
				"bits_per_second":	10899781.27850789,
				"packets":	942,
				"omitted":	false,
				"sender":	true
			}
		}, {
			"streams":	[{
					"socket":	6,
					"start":	1.00007,
					"end":	2.000091,
					"seconds":	1.0000209808349609,
					"bytes":	1225008,
					"bits_per_second":	9799858.39078846,
					"packets":	846,
					"omitted":	false,
					"sender":	true
				}],
			"sum":	{
				"start":	1.00007,
				"end":	2.000091,
				"seconds":	1.0000209808349609,
				"bytes":	1225008,
				"bits_per_second":	9799858.39078846,
				"packets":	846,
				"omitted":	false,
				"sender":	true
			}
		}, {
			"streams":	[{
					"socket":	6,
					"start":	2.000091,
					"end":	3.000079,
					"seconds":	0.9999880194664,
					"bytes":	1156952,
					"bits_per_second":	9255726.88854698,
					"packets":	799,
					"omitted":	false,
					"sender":	true
				}],
			"sum":	{
				"start":	2.000091,
				"end":	3.000079,
				"seconds":	0.9999880194664,
				"bytes":	1156952,
				"bits_per_second":	9255726.88854698,
				"packets":	799,
				"omitted":	false,
				"sender":	true
			}
		}, {
			"streams":	[{
					"socket":	6,
					"start":	3.000079,
					"end":	4.000127,
					"seconds":	1.000048041343689,
					"bytes":	1225008,
					"bits_per_second":	9799593.2143743765,
					"packets":	846,
					"omitted":	false,
					"sender":	true
				}],
			"sum":	{
				"start":	3.000079,
				"end":	4.000127,
				"seconds":	1.000048041343689,
				"bytes":	1225008,
				"bits_per_second":	9799593.2143743765,
				"packets":	846,
				"omitted":	false,
				"sender":	true
			}
		}, {
			"streams":	[{
					"socket":	6,
					"start":	4.000127,
					"end":	5.000103,
					"seconds":	0.99997597932815552,
					"bytes":	1225008,
					"bits_per_second":	9800299.4097761,
					"packets":	846,
					"omitted":	false,
					"sender":	true
				}],
			"sum":	{
				"start":	4.000127,
				"end":	5.000103,
				"seconds":	0.99997597932815552,
				"bytes":	1225008,
				"bits_per_second":	9800299.4097761,
				"packets":	846,
				"omitted":	false,
				"sender":	true
			}
		}, {
			"streams":	[{
					"socket":	6,
					"start":	5.000103,
					"end":	6.000072,
					"seconds":	0.9999690055847168,
					"bytes":	1225008,
					"bits_per_second":	9800367.75666818,
					"packets":	846,
					"omitted":	false,
					"sender":	true
				}],
			"sum":	{
				"start":	5.000103,
				"end":	6.000072,
				"seconds":	0.9999690055847168,
				"bytes":	1225008,
				"bits_per_second":	9800367.75666818,
				"packets":	846,
				"omitted":	false,
				"sender":	true
			}
		}, {
			"streams":	[{
					"socket":	6,
					"start":	6.000072,
					"end":	7.000081,
					"seconds":	1.0000089406967163,
					"bytes":	1225008,
					"bits_per_second":	9799976.3813833464,
					"packets":	846,
					"omitted":	false,
					"sender":	true
				}],
			"sum":	{
				"start":	6.000072,
				"end":	7.000081,
				"seconds":	1.0000089406967163,
				"bytes":	1225008,
				"bits_per_second":	9799976.3813833464,
				"packets":	846,
				"omitted":	false,
				"sender":	true
			}
		}, {
			"streams":	[{
					"socket":	6,
					"start":	7.000081,
					"end":	8.000071,
					"seconds":	0.99998998641967773,
					"bytes":	1225008,
					"bits_per_second":	9800162.1347107068,
					"packets":	846,
					"omitted":	false,
					"sender":	true
				}],
			"sum":	{
				"start":	7.000081,
				"end":	8.000071,
				"seconds":	0.99998998641967773,
				"bytes":	1225008,
				"bits_per_second":	9800162.1347107068,
				"packets":	846,
				"omitted":	false,
				"sender":	true
			}
		}, {
			"streams":	[{
					"socket":	6,
					"start":	8.000071,
					"end":	9.000072,
					"seconds":	1.0000009536743164,
					"bytes":	1156952,
					"bits_per_second":	9255607.1731651556,
					"packets":	799,
					"omitted":	false,
					"sender":	true
				}],
			"sum":	{
				"start":	8.000071,
				"end":	9.000072,
				"seconds":	1.0000009536743164,
				"bytes":	1156952,
				"bits_per_second":	9255607.1731651556,
				"packets":	799,
				"omitted":	false,
				"sender":	true
			}
		}, {
			"streams":	[{
					"socket":	6,
					"start":	9.000072,
					"end":	10.00009,
					"seconds":	1.0000180006027222,
					"bytes":	1226456,
					"bits_per_second":	9811471.38760143,
					"packets":	847,
					"omitted":	false,
					"sender":	true
				}],
			"sum":	{
				"start":	9.000072,
				"end":	10.00009,
				"seconds":	1.0000180006027222,
				"bytes":	1226456,
				"bits_per_second":	9811471.38760143,
				"packets":	847,
				"omitted":	false,
				"sender":	true
			}
		}, {
			"streams":	[{
					"socket":	6,
					"start":	10.00009,
					"end":	11.000072,
					"seconds":	0.99998199939727783,
					"bytes":	1225008,
					"bits_per_second":	9800240.41023421,
					"packets":	846,
					"omitted":	false,
					"sender":	true
				}],
			"sum":	{
				"start":	10.00009,
				"end":	11.000072,
				"seconds":	0.99998199939727783,
				"bytes":	1225008,
				"bits_per_second":	9800240.41023421,
				"packets":	846,
				"omitted":	false,
				"sender":	true
			}
		}, {
			"streams":	[{
					"socket":	6,
					"start":	11.000072,
					"end":	12.000073,
					"seconds":	1.0000009536743164,
					"bytes":	1225008,
					"bits_per_second":	9800054.6539395768,
					"packets":	846,
					"omitted":	false,
					"sender":	true
				}],
			"sum":	{
				"start":	11.000072,
				"end":	12.000073,
				"seconds":	1.0000009536743164,
				"bytes":	1225008,
				"bits_per_second":	9800054.6539395768,
				"packets":	846,
				"omitted":	false,
				"sender":	true
			}
		}, {
			"streams":	[{
					"socket":	6,
					"start":	12.000073,
					"end":	13.000081,
					"seconds":	1.0000079870224,
					"bytes":	1225008,
					"bits_per_second":	9799985.7272944767,
					"packets":	846,
					"omitted":	false,
					"sender":	true
				}],
			"sum":	{
				"start":	12.000073,
				"end":	13.000081,
				"seconds":	1.0000079870224,
				"bytes":	1225008,
				"bits_per_second":	9799985.7272944767,
				"packets":	846,
				"omitted":	false,
				"sender":	true
			}
		}, {
			"streams":	[{
					"socket":	6,
					"start":	13.000081,
					"end":	14.000082,
					"seconds":	1.0000009536743164,
					"bytes":	1225008,
					"bits_per_second":	9800054.6539395768,
					"packets":	846,
					"omitted":	false,
					"sender":	true
				}],
			"sum":	{
				"start":	13.000081,
				"end":	14.000082,
				"seconds":	1.0000009536743164,
				"bytes":	1225008,
				"bits_per_second":	9800054.6539395768,
				"packets":	846,
				"omitted":	false,
				"sender":	true
			}
		}, {
			"streams":	[{
					"socket":	6,
					"start":	14.000082,
					"end":	15.0001,
					"seconds":	1.0000180006027222,
					"bytes":	1156952,
					"bits_per_second":	9255449.3963324,
					"packets":	799,
					"omitted":	false,
					"sender":	true
				}],
			"sum":	{
				"start":	14.000082,
				"end":	15.0001,