{
	"start":	{
		"connected":	[{
				"socket":	6,
				"local_host":	"10.0.0.1",
				"local_port":	42184,
				"remote_host":	"10.0.0.2",
				"remote_port":	5203
			}],
		"version":	"iperf 3.16",
		"system_info":	"Linux DESKTOP-1SICFSU 6.6.87.2-microsoft-standard-WSL2+ #1 SMP PREEMPT_DYNAMIC Sat Nov  8 16:12:55 CET 2025 x86_64",
		"timestamp":	{
			"time":	"Sun, 09 Nov 2025 11:43:35 GMT",
			"timesecs":	1762688615
		},
		"connecting_to":	{
			"host":	"10.0.0.2",
			"port":	5203
		},
		"cookie":	"cexbi7jq2if5qtfspj53covegkyg3dtl3vcq",
		"target_bitrate":	50000000,
		"fq_rate":	0,
		"sock_bufsize":	0,
		"sndbuf_actual":	212992,
		"rcvbuf_actual":	212992,
		"test_start":	{
			"protocol":	"UDP",
			"num_streams":	1,
			"blksize":	1448,
			"omit":	0,
			"duration":	30,
			"bytes":	0,
			"blocks":	0,
			"reverse":	0,
			"tos":	0,
			"target_bitrate":	50000000,
			"bidir":	0,
			"fqrate":	0
		}
	},
	"intervals":	[{
			"streams":	[{
					"socket":	6,
					"start":	0,
					"end":	1.000072,
					"seconds":	1.0000720024108887,
					"bytes":	1369808,
					"bits_per_second":	10957675.020980755,
					"packets":	947,
					"omitted":	false,
					"sender":	true
				}],
			"sum":	{
				"start":	0,
				"end":	1.000072,
				"seconds":	1.0000720024108887,
				"bytes":	1369808,
				"bits_per_second":	10957675.020980755,
				"packets":	947,
				"omitted":	false,
				"sender":	true
			}
		}, {
			"streams":	[{
					"socket":	6,
					"start":	1.000072,
					"end":	2.00007,
					"seconds":	0.99999797344207764,
					"bytes":	1156952,
					"bits_per_second":	9255634.757079944,
					"packets":	799,
					"omitted":	false,
					"sender":	true
				}],
			"sum":	{
				"start":	1.000072,
				"end":	2.00007,
				"seconds":	0.99999797344207764,
				"bytes":	1156952,
				"bits_per_second":	9255634.757079944,
				"packets":	799,
				"omitted":	false,
				"sender":	true
			}
		}, {
			"streams":	[{
					"socket":	6,
					"start":	2.00007,
					"end":	3.000099,
					"seconds":	1.0000289678573608,
					"bytes":	1225008,
					"bits_per_second":	9799780.1213672757,
					"packets":	846,
					"omitted":	false,
					"sender":	true
				}],
			"sum":	{
				"start":	2.00007,
				"end":	3.000099,
				"seconds":	1.0000289678573608,
				"bytes":	1225008,
				"bits_per_second":	9799780.1213672757,
				"packets":	846,
				"omitted":	false,
				"sender":	true
			}
		}, {
			"streams":	[{
					"socket":	6,
					"start":	3.000099,
					"end":	4.000092,
					"seconds":	0.99999302625656128,
					"bytes":	1225008,
					"bits_per_second":	9800132.34360863,
					"packets":	846,
					"omitted":	false,
					"sender":	true
				}],
			"sum":	{
				"start":	3.000099,
				"end":	4.000092,
				"seconds":	0.99999302625656128,
				"bytes":	1225008,
				"bits_per_second":	9800132.34360863,
				"packets":	846,
				"omitted":	false,
				"sender":	true
			}
		}, {
			"streams":	[{
					"socket":	6,
					"start":	4.000092,
					"end":	5.000068,
					"seconds":	0.99997597932815552,
					"bytes":	1225008,
					"bits_per_second":	9800299.4097761,
					"packets":	846,
					"omitted":	false,
					"sender":	true
				}],
			"sum":	{
				"start":	4.000092,
				"end":	5.000068,
				"seconds":	0.99997597932815552,
				"bytes":	1225008,
				"bits_per_second":	9800299.4097761,
				"packets":	846,
				"omitted":	false,
				"sender":	true
			}
		}, {
			"streams":	[{
					"socket":	6,
					"start":	5.000068,
					"end":	6.000067,
					"seconds":	0.99999898672103882,
					"bytes":	1225008,
					"bits_per_second":	9800073.93020873,
					"packets":	846,
					"omitted":	false,
					"sender":	true
				}],
			"sum":	{
				"start":	5.000068,
				"end":	6.000067,
				"seconds":	0.99999898672103882,
				"bytes":	1225008,
				"bits_per_second":	9800073.93020873,
				"packets":	846,
				"omitted":	false,
				"sender":	true
			}
		}, {
			"streams":	[{
					"socket":	6,
					"start":	6.000067,
					"end":	7.000093,
					"seconds":	1.0000259876251221,
					"bytes":	1225008,
					"bits_per_second":	9799809.32622896,
					"packets":	846,
					"omitted":	false,
					"sender":	true
				}],
			"sum":	{
				"start":	6.000067,
				"end":	7.000093,
				"seconds":	1.0000259876251221,
				"bytes":	1225008,
				"bits_per_second":	9799809.32622896,
				"packets":	846,
				"omitted":	false,
				"sender":	true
			}
		}, {
			"streams":	[{
					"socket":	6,
					"start":	7.000093,
					"end":	8.000068,
					"seconds":	0.999975025653839,
					"bytes":	1156952,
					"bits_per_second":	9255847.1587309539,
					"packets":	799,
					"omitted":	false,
					"sender":	true
				}],
			"sum":	{
				"start":	7.000093,
				"end":	8.000068,
				"seconds":	0.999975025653839,
				"bytes":	1156952,
				"bits_per_second":	9255847.1587309539,
				"packets":	799,
				"omitted":	false,
				"sender":	true
			}
		}, {
			"streams":	[{
					"socket":	6,
					"start":	8.000068,
					"end":	9.000069,
					"seconds":	1.0000009536743164,
					"bytes":	1225008,
					"bits_per_second":	9800054.6539395768,
					"packets":	846,
					"omitted":	false,
					"sender":	true
				}],
			"sum":	{
				"start":	8.000068,
				"end":	9.000069,
				"seconds":	1.0000009536743164,
				"bytes":	1225008,
				"bits_per_second":	9800054.6539395768,
				"packets":	846,
				"omitted":	false,
				"sender":	true
			}
		}, {
			"streams":	[{
					"socket":	6,
					"start":	9.000069,
					"end":	10.000098,
					"seconds":	1.0000289678573608,
					"bytes":	1225008,
					"bits_per_second":	9799780.1213672757,
					"packets":	846,
					"omitted":	false,
					"sender":	true
				}],
			"sum":	{
				"start":	9.000069,
				"end":	10.000098,
				"seconds":	1.0000289678573608,
				"bytes":	1225008,
				"bits_per_second":	9799780.1213672757,
				"packets":	846,
				"omitted":	false,
				"sender":	true
			}
		}, {
			"streams":	[{
					"socket":	6,
					"start":	10.000098,
					"end":	11.000089,
					"seconds":	0.999990999698639,
					"bytes":	1245280,
					"bits_per_second":	9962329.6639692336,
					"packets":	860,
					"omitted":	false,
					"sender":	true
				}],
			"sum":	{
				"start":	10.000098,
				"end":	11.000089,
				"seconds":	0.999990999698639,
				"bytes":	1245280,
				"bits_per_second":	9962329.6639692336,
				"packets":	860,
				"omitted":	false,
				"sender":	true
			}
		}, {
			"streams":	[{
					"socket":	6,
					"start":	11.000089,
					"end":	12.000068,
					"seconds":	0.999979019165039,
					"bytes":	1225008,
					"bits_per_second":	9800269.6178394239,
					"packets":	846,
					"omitted":	false,
					"sender":	true
				}],
			"sum":	{
				"start":	11.000089,
				"end":	12.000068,
				"seconds":	0.999979019165039,
				"bytes":	1225008,
				"bits_per_second":	9800269.6178394239,
				"packets":	846,
				"omitted":	false,
				"sender":	true
			}
		}, {
			"streams":	[{
					"socket":	6,
					"start":	12.000068,
					"end":	13.000086,
					"seconds":	1.0000180006027222,
					"bytes":	1156952,
					"bits_per_second":	9255449.3963324,
					"packets":	799,
					"omitted":	false,
					"sender":	true
				}],
			"sum":	{
				"start":	12.000068,
				"end":	13.000086,
				"seconds":	1.0000180006027222,
				"bytes":	1156952,
				"bits_per_second":	9255449.3963324,
				"packets":	799,
				"omitted":	false,
				"sender":	true
			}
		}, {
			"streams":	[{
					"socket":	6,
					"start":	13.000086,
					"end":	14.000105,
					"seconds":	1.0000189542770386,
					"bytes":	1225008,
					"bits_per_second":	9799878.2503927,
					"packets":	846,
					"omitted":	false,
					"sender":	true
				}],
			"sum":	{
				"start":	13.000086,
				"end":	14.000105,
				"seconds":	1.0000189542770386,
				"bytes":	1225008,
				"bits_per_second":	9799878.2503927,
				"packets":	846,
				"omitted":	false,
				"sender":	true
			}
		}, {
			"streams":	[{
					"socket":	6,
					"start":	14.000105,
					"end":	15.00007,
					"seconds":	0.999965012073517,
					"bytes":	1225008,
					"bits_per_second":	9800406.89591598,
					"packets":	846,
					"omitted":	false,
					"sender":	true
				}],
			"sum":	{
				"start":	14.000105,
				"end":	15.00007,