{
	"start":	{
		"connected":	[{
				"socket":	6,
				"local_host":	"10.0.0.1",
				"local_port":	46199,
				"remote_host":	"10.0.0.2",
				"remote_port":	5202
			}],
		"version":	"iperf 3.16",
		"system_info":	"Linux DESKTOP-1SICFSU 6.6.87.2-microsoft-standard-WSL2+ #1 SMP PREEMPT_DYNAMIC Sat Nov  8 16:12:55 CET 2025 x86_64",
		"timestamp":	{
			"time":	"Sun, 09 Nov 2025 11:48:55 GMT",
			"timesecs":	1762688935
		},
		"connecting_to":	{
			"host":	"10.0.0.2",
			"port":	5202
		},
		"cookie":	"mpue4ya4v2zjqbgp7evqnpryagu4ye2msh54",
		"target_bitrate":	50000000,
		"fq_rate":	0,
		"sock_bufsize":	0,
		"sndbuf_actual":	212992,
		"rcvbuf_actual":	212992,
		"test_start":	{
			"protocol":	"UDP",
			"num_streams":	1,
			"blksize":	1448,
			"omit":	0,
			"duration":	30,
			"bytes":	0,
			"blocks":	0,
			"reverse":	0,
			"tos":	104,
			"target_bitrate":	50000000,
			"bidir":	0,
			"fqrate":	0
		}
	},
	"intervals":	[{
			"streams":	[{
					"socket":	6,
					"start":	0,
					"end":	1.000069,
					"seconds":	1.00006902217865,
					"bytes":	3795208,
					"bits_per_second":	30359568.516438123,
					"packets":	2622,
					"omitted":	false,
					"sender":	true
				}],
			"sum":	{
				"start":	0,
				"end":	1.000069,
				"seconds":	1.00006902217865,
				"bytes":	3795208,
				"bits_per_second":	30359568.516438123,
				"packets":	2622,
				"omitted":	false,
				"sender":	true
			}
		}, {
			"streams":	[{
					"socket":	6,
					"start":	1.000069,
					"end":	2.000075,
					"seconds":	1.0000059604644775,
					"bytes":	3606968,
					"bits_per_second":	28855572.00738807,
					"packets":	2491,
					"omitted":	false,
					"sender":	true
				}],
			"sum":	{
				"start":	1.000069,
				"end":	2.000075,
				"seconds":	1.0000059604644775,
				"bytes":	3606968,
				"bits_per_second":	28855572.00738807,
				"packets":	2491,
				"omitted":	false,
				"sender":	true
			}
		}, {
			"streams":	[{
					"socket":	6,
					"start":	2.000075,
					"end":	3.00008,
					"seconds":	1.0000050067901611,
					"bytes":	3679368,
					"bits_per_second":	29434796.626149856,
					"packets":	2541,
					"omitted":	false,
					"sender":	true
				}],
			"sum":	{
				"start":	2.000075,
				"end":	3.00008,
				"seconds":	1.0000050067901611,
				"bytes":	3679368,
				"bits_per_second":	29434796.626149856,
				"packets":	2541,
				"omitted":	false,
				"sender":	true
			}
		}, {
			"streams":	[{
					"socket":	6,
					"start":	3.00008,
					"end":	4.000109,
					"seconds":	1.0000289678573608,
					"bytes":	3606968,
					"bits_per_second":	28854908.135136981,
					"packets":	2491,
					"omitted":	false,
					"sender":	true
				}],
			"sum":	{
				"start":	3.00008,
				"end":	4.000109,
				"seconds":	1.0000289678573608,
				"bytes":	3606968,
				"bits_per_second":	28854908.135136981,
				"packets":	2491,
				"omitted":	false,
				"sender":	true
			}
		}, {
			"streams":	[{
					"socket":	6,
					"start":	4.000109,
					"end":	5.000075,
					"seconds":	0.999966025352478,
					"bytes":	3606968,
					"bits_per_second":	28856724.397040028,
					"packets":	2491,
					"omitted":	false,
					"sender":	true
				}],
			"sum":	{
				"start":	4.000109,
				"end":	5.000075,
				"seconds":	0.999966025352478,
				"bytes":	3606968,
				"bits_per_second":	28856724.397040028,
				"packets":	2491,
				"omitted":	false,
				"sender":	true
			}
		}, {
			"streams":	[{
					"socket":	6,
					"start":	5.000075,
					"end":	6.000062,
					"seconds":	0.999987006187439,
					"bytes":	3611312,
					"bits_per_second":	28890871.402567729,
					"packets":	2494,
					"omitted":	false,
					"sender":	true
				}],
			"sum":	{
				"start":	5.000075,
				"end":	6.000062,
				"seconds":	0.999987006187439,
				"bytes":	3611312,
				"bits_per_second":	28890871.402567729,
				"packets":	2494,
				"omitted":	false,
				"sender":	true
			}
		}, {
			"streams":	[{
					"socket":	6,
					"start":	6.000062,
					"end":	7.000088,
					"seconds":	1.0000259876251221,
					"bytes":	3675024,
					"bits_per_second":	29399427.978686888,
					"packets":	2538,
					"omitted":	false,
					"sender":	true
				}],
			"sum":	{
				"start":	6.000062,
				"end":	7.000088,
				"seconds":	1.0000259876251221,
				"bytes":	3675024,
				"bits_per_second":	29399427.978686888,
				"packets":	2538,
				"omitted":	false,
				"sender":	true
			}
		}, {
			"streams":	[{
					"socket":	6,
					"start":	7.000088,
					"end":	8.000091,
					"seconds":	1.0000029802322388,
					"bytes":	3609864,
					"bits_per_second":	28878825.934391931,
					"packets":	2493,
					"omitted":	false,
					"sender":	true
				}],
			"sum":	{
				"start":	7.000088,
				"end":	8.000091,
				"seconds":	1.0000029802322388,
				"bytes":	3609864,
				"bits_per_second":	28878825.934391931,
				"packets":	2493,
				"omitted":	false,
				"sender":	true
			}
		}, {
			"streams":	[{
					"socket":	6,
					"start":	8.000091,
					"end":	9.000091,
					"seconds":	1,
					"bytes":	3677920,
					"bits_per_second":	29423360,
					"packets":	2540,
					"omitted":	false,
					"sender":	true
				}],
			"sum":	{
				"start":	8.000091,
				"end":	9.000091,
				"seconds":	1,
				"bytes":	3677920,
				"bits_per_second":	29423360,
				"packets":	2540,
				"omitted":	false,
				"sender":	true
			}
		}, {
			"streams":	[{
					"socket":	6,
					"start":	9.000091,
					"end":	10.000072,
					"seconds":	0.99998098611831665,
					"bytes":	3615656,
					"bits_per_second":	28925797.991700612,
					"packets":	2497,
					"omitted":	false,
					"sender":	true
				}],
			"sum":	{
				"start":	9.000091,
				"end":	10.000072,
				"seconds":	0.99998098611831665,
				"bytes":	3615656,
				"bits_per_second":	28925797.991700612,
				"packets":	2497,
				"omitted":	false,
				"sender":	true
			}
		}, {
			"streams":	[{
					"socket":	6,
					"start":	10.000072,
					"end":	11.000073,
					"seconds":	1.0000009536743164,
					"bytes":	3661992,
					"bits_per_second":	29295908.0612449,
					"packets":	2529,
					"omitted":	false,
					"sender":	true
				}],
			"sum":	{
				"start":	10.000072,
				"end":	11.000073,
				"seconds":	1.0000009536743164,
				"bytes":	3661992,
				"bits_per_second":	29295908.0612449,
				"packets":	2529,
				"omitted":	false,
				"sender":	true
			}
		}, {
			"streams":	[{
					"socket":	6,
					"start":	11.000073,
					"end":	12.000074,
					"seconds":	1.0000009536743164,
					"bytes":	3621448,
					"bits_per_second":	28971556.370570783,
					"packets":	2501,
					"omitted":	false,
					"sender":	true
				}],
			"sum":	{
				"start":	11.000073,
				"end":	12.000074,
				"seconds":	1.0000009536743164,
				"bytes":	3621448,
				"bits_per_second":	28971556.370570783,
				"packets":	2501,
				"omitted":	false,
				"sender":	true
			}
		}, {
			"streams":	[{
					"socket":	6,
					"start":	12.000074,
					"end":	13.000073,
					"seconds":	0.99999898672103882,
					"bytes":	3675024,
					"bits_per_second":	29400221.790626194,
					"packets":	2538,
					"omitted":	false,
					"sender":	true
				}],
			"sum":	{
				"start":	12.000074,
				"end":	13.000073,
				"seconds":	0.99999898672103882,
				"bytes":	3675024,
				"bits_per_second":	29400221.790626194,
				"packets":	2538,
				"omitted":	false,
				"sender":	true
			}
		}, {
			"streams":	[{
					"socket":	6,
					"start":	13.000073,
					"end":	14.000072,
					"seconds":	0.99999898672103882,
					"bytes":	3606968,
					"bits_per_second":	28855773.238947932,
					"packets":	2491,
					"omitted":	false,
					"sender":	true
				}],
			"sum":	{
				"start":	13.000073,
				"end":	14.000072,
				"seconds":	0.99999898672103882,
				"bytes":	3606968,
				"bits_per_second":	28855773.238947932,
				"packets":	2491,
				"omitted":	false,
				"sender":	true
			}
		}, {
			"streams":	[{
					"socket":	6,
					"start":	14.000072,
					"end":	15.000082,
					"seconds":	1.0000100135803223,
					"bytes":	3675024,
					"bits_per_second":	29399897.6017639,
					"packets":	2538,
					"omitted":	false,
					"sender":	true
				}],
			"sum":	{
				"start":	14.000072,
				"end":	15.000082,