{
	"start":	{
		"connected":	[{
				"socket":	6,
				"local_host":	"10.0.0.1",
				"local_port":	46281,
				"remote_host":	"10.0.0.2",
				"remote_port":	5203
			}],
		"version":	"iperf 3.16",
		"system_info":	"Linux DESKTOP-1SICFSU 6.6.87.2-microsoft-standard-WSL2+ #1 SMP PREEMPT_DYNAMIC Sat Nov  8 16:12:55 CET 2025 x86_64",
		"timestamp":	{
			"time":	"Sun, 09 Nov 2025 11:48:55 GMT",
			"timesecs":	1762688935
		},
		"connecting_to":	{
			"host":	"10.0.0.2",
			"port":	5203
		},
		"cookie":	"b3gwvrgolknh4nt3ekaav2rgq7d72hr7uywe",
		"target_bitrate":	50000000,
		"fq_rate":	0,
		"sock_bufsize":	0,
		"sndbuf_actual":	212992,
		"rcvbuf_actual":	212992,
		"test_start":	{
			"protocol":	"UDP",
			"num_streams":	1,
			"blksize":	1448,
			"omit":	0,
			"duration":	30,
			"bytes":	0,
			"blocks":	0,
			"reverse":	0,
			"tos":	0,
			"target_bitrate":	50000000,
			"bidir":	0,
			"fqrate":	0
		}
	},
	"intervals":	[{
			"streams":	[{
					"socket":	6,
					"start":	0,
					"end":	1.000073,
					"seconds":	1.0000729560852051,
					"bytes":	1362568,
					"bits_per_second":	10899748.796998052,
					"packets":	942,
					"omitted":	false,
					"sender":	true
				}],
			"sum":	{
				"start":	0,
				"end":	1.000073,
				"seconds":	1.0000729560852051,
				"bytes":	1362568,
				"bits_per_second":	10899748.796998052,
				"packets":	942,
				"omitted":	false,
				"sender":	true
			}
		}, {
			"streams":	[{
					"socket":	6,
					"start":	1.000073,
					"end":	2.0001,
					"seconds":	1.0000269412994385,
					"bytes":	1225008,
					"bits_per_second":	9799799.9806542844,
					"packets":	846,
					"omitted":	false,
					"sender":	true
				}],
			"sum":	{
				"start":	1.000073,
				"end":	2.0001,
				"seconds":	1.0000269412994385,
				"bytes":	1225008,
				"bits_per_second":	9799799.9806542844,
				"packets":	846,
				"omitted":	false,
				"sender":	true
			}
		}, {
			"streams":	[{
					"socket":	6,
					"start":	2.0001,
					"end":	3.000119,
					"seconds":	1.0000189542770386,
					"bytes":	1156952,
					"bits_per_second":	9255440.5698153265,
					"packets":	799,
					"omitted":	false,
					"sender":	true
				}],
			"sum":	{
				"start":	2.0001,
				"end":	3.000119,
				"seconds":	1.0000189542770386,
				"bytes":	1156952,
				"bits_per_second":	9255440.5698153265,
				"packets":	799,
				"omitted":	false,
				"sender":	true
			}
		}, {
			"streams":	[{
					"socket":	6,
					"start":	3.000119,
					"end":	4.000082,
					"seconds":	0.99996298551559448,
					"bytes":	1225008,
					"bits_per_second":	9800426.75774339,
					"packets":	846,
					"omitted":	false,
					"sender":	true
				}],
			"sum":	{
				"start":	3.000119,
				"end":	4.000082,
				"seconds":	0.99996298551559448,
				"bytes":	1225008,
				"bits_per_second":	9800426.75774339,
				"packets":	846,
				"omitted":	false,
				"sender":	true
			}
		}, {
			"streams":	[{
					"socket":	6,
					"start":	4.000082,
					"end":	5.00007,
					"seconds":	0.9999880194664,
					"bytes":	1226456,
					"bits_per_second":	9811765.55018685,
					"packets":	847,
					"omitted":	false,
					"sender":	true
				}],
			"sum":	{
				"start":	4.000082,
				"end":	5.00007,
				"seconds":	0.9999880194664,
				"bytes":	1226456,
				"bits_per_second":	9811765.55018685,
				"packets":	847,
				"omitted":	false,
				"sender":	true
			}
		}, {
			"streams":	[{
					"socket":	6,
					"start":	5.00007,
					"end":	6.000073,
					"seconds":	1.0000029802322388,
					"bytes":	1225008,
					"bits_per_second":	9800034.7936203666,
					"packets":	846,
					"omitted":	false,
					"sender":	true
				}],
			"sum":	{
				"start":	5.00007,
				"end":	6.000073,
				"seconds":	1.0000029802322388,
				"bytes":	1225008,
				"bits_per_second":	9800034.7936203666,
				"packets":	846,
				"omitted":	false,
				"sender":	true
			}
		}, {
			"streams":	[{
					"socket":	6,
					"start":	6.000073,
					"end":	7.000073,
					"seconds":	1,
					"bytes":	1225008,
					"bits_per_second":	9800064,
					"packets":	846,
					"omitted":	false,
					"sender":	true
				}],
			"sum":	{
				"start":	6.000073,
				"end":	7.000073,
				"seconds":	1,
				"bytes":	1225008,
				"bits_per_second":	9800064,
				"packets":	846,
				"omitted":	false,
				"sender":	true
			}
		}, {
			"streams":	[{
					"socket":	6,
					"start":	7.000073,
					"end":	8.000128,
					"seconds":	1.0000549554824829,
					"bytes":	1156952,
					"bits_per_second":	9255107.38110844,
					"packets":	799,
					"omitted":	false,
					"sender":	true
				}],
			"sum":	{
				"start":	7.000073,
				"end":	8.000128,
				"seconds":	1.0000549554824829,
				"bytes":	1156952,
				"bits_per_second":	9255107.38110844,
				"packets":	799,
				"omitted":	false,
				"sender":	true
			}
		}, {
			"streams":	[{
					"socket":	6,
					"start":	8.000128,
					"end":	9.000092,
					"seconds":	0.99996399879455566,
					"bytes":	1225008,
					"bits_per_second":	9800416.8268196229,
					"packets":	846,
					"omitted":	false,
					"sender":	true
				}],
			"sum":	{
				"start":	8.000128,
				"end":	9.000092,
				"seconds":	0.99996399879455566,
				"bytes":	1225008,
				"bits_per_second":	9800416.8268196229,
				"packets":	846,
				"omitted":	false,
				"sender":	true
			}
		}, {
			"streams":	[{
					"socket":	6,
					"start":	9.000092,
					"end":	10.000022,
					"seconds":	0.99993002414703369,
					"bytes":	1225008,
					"bits_per_second":	9800749.81582807,
					"packets":	846,
					"omitted":	false,
					"sender":	true
				}],
			"sum":	{
				"start":	9.000092,
				"end":	10.000022,
				"seconds":	0.99993002414703369,
				"bytes":	1225008,
				"bits_per_second":	9800749.81582807,
				"packets":	846,
				"omitted":	false,
				"sender":	true
			}
		}, {
			"streams":	[{
					"socket":	6,
					"start":	10.000022,
					"end":	11.000088,
					"seconds":	1.0000660419464111,
					"bytes":	1225008,
					"bits_per_second":	9799416.82743902,
					"packets":	846,
					"omitted":	false,
					"sender":	true
				}],
			"sum":	{
				"start":	10.000022,
				"end":	11.000088,
				"seconds":	1.0000660419464111,
				"bytes":	1225008,
				"bits_per_second":	9799416.82743902,
				"packets":	846,
				"omitted":	false,
				"sender":	true
			}
		}, {
			"streams":	[{
					"socket":	6,
					"start":	11.000088,
					"end":	12.000076,
					"seconds":	0.9999880194664,
					"bytes":	1225008,
					"bits_per_second":	9800181.4114026837,
					"packets":	846,
					"omitted":	false,
					"sender":	true
				}],
			"sum":	{
				"start":	11.000088,
				"end":	12.000076,
				"seconds":	0.9999880194664,
				"bytes":	1225008,
				"bits_per_second":	9800181.4114026837,
				"packets":	846,
				"omitted":	false,
				"sender":	true
			}
		}, {
			"streams":	[{
					"socket":	6,
					"start":	12.000076,
					"end":	13.000105,
					"seconds":	1.0000289678573608,
					"bytes":	1225008,
					"bits_per_second":	9799780.1213672757,
					"packets":	846,
					"omitted":	false,
					"sender":	true
				}],
			"sum":	{
				"start":	12.000076,
				"end":	13.000105,
				"seconds":	1.0000289678573608,
				"bytes":	1225008,
				"bits_per_second":	9799780.1213672757,
				"packets":	846,
				"omitted":	false,
				"sender":	true
			}
		}, {
			"streams":	[{
					"socket":	6,
					"start":	13.000105,
					"end":	14.000101,
					"seconds":	0.9999960064888,
					"bytes":	1156952,
					"bits_per_second":	9255652.96255377,
					"packets":	799,
					"omitted":	false,
					"sender":	true
				}],
			"sum":	{
				"start":	13.000105,
				"end":	14.000101,
				"seconds":	0.9999960064888,
				"bytes":	1156952,
				"bits_per_second":	9255652.96255377,
				"packets":	799,
				"omitted":	false,
				"sender":	true
			}
		}, {
			"streams":	[{
					"socket":	6,
					"start":	14.000101,
					"end":	15.00007,
					"seconds":	0.9999690055847168,
					"bytes":	1225008,
					"bits_per_second":	9800367.75666818,
					"packets":	846,
					"omitted":	false,
					"sender":	true
				}],
			"sum":	{
				"start":	14.000101,
				"end":	15.00007,
				"seconds":	0.9999690055847168,
				"bytes":	1225008,