{
	"start":	{
		"connected":	[{
				"socket":	6,
				"local_host":	"10.0.0.1",
				"local_port":	38644,
				"remote_host":	"10.0.0.2",
				"remote_port":	5203
			}],
		"version":	"iperf 3.16",
		"system_info":	"Linux DESKTOP-1SICFSU 6.6.87.2-microsoft-standard-WSL2+ #1 SMP PREEMPT_DYNAMIC Sat Nov  8 16:12:55 CET 2025 x86_64",
		"timestamp":	{
			"time":	"Sun, 09 Nov 2025 11:47:36 GMT",
			"timesecs":	1762688856
		},
		"connecting_to":	{
			"host":	"10.0.0.2",
			"port":	5203
		},
		"cookie":	"amzscmzbwmv6qruyjlq6krhz5ss75hcepmhy",
		"target_bitrate":	50000000,
		"fq_rate":	0,
		"sock_bufsize":	0,
		"sndbuf_actual":	212992,
		"rcvbuf_actual":	212992,
		"test_start":	{
			"protocol":	"UDP",
			"num_streams":	1,
			"blksize":	1448,
			"omit":	0,
			"duration":	30,
			"bytes":	0,
			"blocks":	0,
			"reverse":	0,
			"tos":	0,
			"target_bitrate":	50000000,
			"bidir":	0,
			"fqrate":	0
		}
	},
	"intervals":	[{
			"streams":	[{
					"socket":	6,
					"start":	0,
					"end":	1.000104,
					"seconds":	1.0001039505004883,
					"bytes":	1359672,
					"bits_per_second":	10876245.408846317,
					"packets":	940,
					"omitted":	false,
					"sender":	true
				}],
			"sum":	{
				"start":	0,
				"end":	1.000104,
				"seconds":	1.0001039505004883,
				"bytes":	1359672,
				"bits_per_second":	10876245.408846317,
				"packets":	940,
				"omitted":	false,
				"sender":	true
			}
		}, {
			"streams":	[{
					"socket":	6,
					"start":	1.000104,
					"end":	2.00007,
					"seconds":	0.999966025352478,
					"bytes":	1225008,
					"bits_per_second":	9800396.96503246,
					"packets":	846,
					"omitted":	false,
					"sender":	true
				}],
			"sum":	{
				"start":	1.000104,
				"end":	2.00007,
				"seconds":	0.999966025352478,
				"bytes":	1225008,
				"bits_per_second":	9800396.96503246,
				"packets":	846,
				"omitted":	false,
				"sender":	true
			}
		}, {
			"streams":	[{
					"socket":	6,
					"start":	2.00007,
					"end":	3.000079,
					"seconds":	1.0000089406967163,
					"bytes":	1156952,
					"bits_per_second":	9255533.24908427,
					"packets":	799,
					"omitted":	false,
					"sender":	true
				}],
			"sum":	{
				"start":	2.00007,
				"end":	3.000079,
				"seconds":	1.0000089406967163,
				"bytes":	1156952,
				"bits_per_second":	9255533.24908427,
				"packets":	799,
				"omitted":	false,
				"sender":	true
			}
		}, {
			"streams":	[{
					"socket":	6,
					"start":	3.000079,
					"end":	4.000081,
					"seconds":	1.0000020265579224,
					"bytes":	1225008,
					"bits_per_second":	9800044.13964291,
					"packets":	846,
					"omitted":	false,
					"sender":	true
				}],
			"sum":	{
				"start":	3.000079,
				"end":	4.000081,
				"seconds":	1.0000020265579224,
				"bytes":	1225008,
				"bits_per_second":	9800044.13964291,
				"packets":	846,
				"omitted":	false,
				"sender":	true
			}
		}, {
			"streams":	[{
					"socket":	6,
					"start":	4.000081,
					"end":	5.000124,
					"seconds":	1.0000430345535278,
					"bytes":	1225008,
					"bits_per_second":	9799642.27676989,
					"packets":	846,
					"omitted":	false,
					"sender":	true
				}],
			"sum":	{
				"start":	4.000081,
				"end":	5.000124,
				"seconds":	1.0000430345535278,
				"bytes":	1225008,
				"bits_per_second":	9799642.27676989,
				"packets":	846,
				"omitted":	false,
				"sender":	true
			}
		}, {
			"streams":	[{
					"socket":	6,
					"start":	5.000124,
					"end":	6.000084,
					"seconds":	0.99996000528335571,
					"bytes":	1225008,
					"bits_per_second":	9800455.9664593637,
					"packets":	846,
					"omitted":	false,
					"sender":	true
				}],
			"sum":	{
				"start":	5.000124,
				"end":	6.000084,
				"seconds":	0.99996000528335571,
				"bytes":	1225008,
				"bits_per_second":	9800455.9664593637,
				"packets":	846,
				"omitted":	false,
				"sender":	true
			}
		}, {
			"streams":	[{
					"socket":	6,
					"start":	6.000084,
					"end":	7.000073,
					"seconds":	0.99998897314071655,
					"bytes":	1225008,
					"bits_per_second":	9800172.0651183166,
					"packets":	846,
					"omitted":	false,
					"sender":	true
				}],
			"sum":	{
				"start":	6.000084,
				"end":	7.000073,
				"seconds":	0.99998897314071655,
				"bytes":	1225008,
				"bits_per_second":	9800172.0651183166,
				"packets":	846,
				"omitted":	false,
				"sender":	true
			}
		}, {
			"streams":	[{
					"socket":	6,
					"start":	7.000073,
					"end":	8.000082,
					"seconds":	1.0000089406967163,
					"bytes":	1225008,
					"bits_per_second":	9799976.3813833464,
					"packets":	846,
					"omitted":	false,
					"sender":	true
				}],
			"sum":	{
				"start":	7.000073,
				"end":	8.000082,
				"seconds":	1.0000089406967163,
				"bytes":	1225008,
				"bits_per_second":	9799976.3813833464,
				"packets":	846,
				"omitted":	false,
				"sender":	true
			}
		}, {
			"streams":	[{
					"socket":	6,
					"start":	8.000082,
					"end":	9.000081,
					"seconds":	0.99999898672103882,
					"bytes":	1156952,
					"bits_per_second":	9255625.37853047,
					"packets":	799,
					"omitted":	false,
					"sender":	true
				}],
			"sum":	{
				"start":	8.000082,
				"end":	9.000081,
				"seconds":	0.99999898672103882,
				"bytes":	1156952,
				"bits_per_second":	9255625.37853047,
				"packets":	799,
				"omitted":	false,
				"sender":	true
			}
		}, {
			"streams":	[{
					"socket":	6,
					"start":	9.000081,
					"end":	10.000083,
					"seconds":	1.0000020265579224,
					"bytes":	1225008,
					"bits_per_second":	9800044.13964291,
					"packets":	846,
					"omitted":	false,
					"sender":	true
				}],
			"sum":	{
				"start":	9.000081,
				"end":	10.000083,
				"seconds":	1.0000020265579224,
				"bytes":	1225008,
				"bits_per_second":	9800044.13964291,
				"packets":	846,
				"omitted":	false,
				"sender":	true
			}
		}, {
			"streams":	[{
					"socket":	6,
					"start":	10.000083,
					"end":	11.000075,
					"seconds":	0.9999920129776,
					"bytes":	1225008,
					"bits_per_second":	9800142.2739558648,
					"packets":	846,
					"omitted":	false,
					"sender":	true
				}],
			"sum":	{
				"start":	10.000083,
				"end":	11.000075,
				"seconds":	0.9999920129776,
				"bytes":	1225008,
				"bits_per_second":	9800142.2739558648,
				"packets":	846,
				"omitted":	false,
				"sender":	true
			}
		}, {
			"streams":	[{
					"socket":	6,
					"start":	11.000075,
					"end":	12.000069,
					"seconds":	0.99999397993087769,
					"bytes":	1225008,
					"bits_per_second":	9800122.99741785,
					"packets":	846,
					"omitted":	false,
					"sender":	true
				}],
			"sum":	{
				"start":	11.000075,
				"end":	12.000069,
				"seconds":	0.99999397993087769,
				"bytes":	1225008,
				"bits_per_second":	9800122.99741785,
				"packets":	846,
				"omitted":	false,
				"sender":	true
			}
		}, {
			"streams":	[{
					"socket":	6,
					"start":	12.000069,
					"end":	13.000072,
					"seconds":	1.0000029802322388,
					"bytes":	1225008,
					"bits_per_second":	9800034.7936203666,
					"packets":	846,
					"omitted":	false,
					"sender":	true
				}],
			"sum":	{
				"start":	12.000069,
				"end":	13.000072,
				"seconds":	1.0000029802322388,
				"bytes":	1225008,
				"bits_per_second":	9800034.7936203666,
				"packets":	846,
				"omitted":	false,
				"sender":	true
			}
		}, {
			"streams":	[{
					"socket":	6,
					"start":	13.000072,
					"end":	14.000109,
					"seconds":	1.0000369548797607,
					"bytes":	1225008,
					"bits_per_second":	9799701.8531963248,
					"packets":	846,
					"omitted":	false,
					"sender":	true
				}],
			"sum":	{
				"start":	13.000072,
				"end":	14.000109,
				"seconds":	1.0000369548797607,
				"bytes":	1225008,
				"bits_per_second":	9799701.8531963248,
				"packets":	846,
				"omitted":	false,
				"sender":	true
			}
		}, {
			"streams":	[{
					"socket":	6,
					"start":	14.000109,
					"end":	15.000088,
					"seconds":	0.999979019165039,
					"bytes":	1156952,
					"bits_per_second":	9255810.19462612,
					"packets":	799,
					"omitted":	false,
					"sender":	true
				}],
			"sum":	{
				"start":	14.000109,
				"end":	15.000088,