{
	"start":	{
		"connected":	[{
				"socket":	6,
				"local_host":	"10.0.0.1",
				"local_port":	45842,
				"remote_host":	"10.0.0.2",
				"remote_port":	5203
			}],
		"version":	"iperf 3.16",
		"system_info":	"Linux DESKTOP-1SICFSU 6.6.87.2-microsoft-standard-WSL2+ #1 SMP PREEMPT_DYNAMIC Sat Nov  8 16:12:55 CET 2025 x86_64",
		"timestamp":	{
			"time":	"Sun, 09 Nov 2025 11:46:56 GMT",
			"timesecs":	1762688816
		},
		"connecting_to":	{
			"host":	"10.0.0.2",
			"port":	5203
		},
		"cookie":	"q64pogqmgvuwkvorgesdlswo3urxzpjzt32l",
		"target_bitrate":	50000000,
		"fq_rate":	0,
		"sock_bufsize":	0,
		"sndbuf_actual":	212992,
		"rcvbuf_actual":	212992,
		"test_start":	{
			"protocol":	"UDP",
			"num_streams":	1,
			"blksize":	1448,
			"omit":	0,
			"duration":	30,
			"bytes":	0,
			"blocks":	0,
			"reverse":	0,
			"tos":	0,
			"target_bitrate":	50000000,
			"bidir":	0,
			"fqrate":	0
		}
	},
	"intervals":	[{
			"streams":	[{
					"socket":	6,
					"start":	0,
					"end":	1.000069,
					"seconds":	1.00006902217865,
					"bytes":	1362568,
					"bits_per_second":	10899791.672631925,
					"packets":	942,
					"omitted":	false,
					"sender":	true
				}],
			"sum":	{
				"start":	0,
				"end":	1.000069,
				"seconds":	1.00006902217865,
				"bytes":	1362568,
				"bits_per_second":	10899791.672631925,
				"packets":	942,
				"omitted":	false,
				"sender":	true
			}
		}, {
			"streams":	[{
					"socket":	6,
					"start":	1.000069,
					"end":	2.000067,
					"seconds":	0.99999797344207764,
					"bytes":	1225008,
					"bits_per_second":	9800083.8604375869,
					"packets":	846,
					"omitted":	false,
					"sender":	true
				}],
			"sum":	{
				"start":	1.000069,
				"end":	2.000067,
				"seconds":	0.99999797344207764,
				"bytes":	1225008,
				"bits_per_second":	9800083.8604375869,
				"packets":	846,
				"omitted":	false,
				"sender":	true
			}
		}, {
			"streams":	[{
					"socket":	6,
					"start":	2.000067,
					"end":	3.00007,
					"seconds":	1.0000029802322388,
					"bytes":	1156952,
					"bits_per_second":	9255588.4161970131,
					"packets":	799,
					"omitted":	false,
					"sender":	true
				}],
			"sum":	{
				"start":	2.000067,
				"end":	3.00007,
				"seconds":	1.0000029802322388,
				"bytes":	1156952,
				"bits_per_second":	9255588.4161970131,
				"packets":	799,
				"omitted":	false,
				"sender":	true
			}
		}, {
			"streams":	[{
					"socket":	6,
					"start":	3.00007,
					"end":	4.000076,
					"seconds":	1.0000059604644775,
					"bytes":	1225008,
					"bits_per_second":	9800005.587414816,
					"packets":	846,
					"omitted":	false,
					"sender":	true
				}],
			"sum":	{
				"start":	3.00007,
				"end":	4.000076,
				"seconds":	1.0000059604644775,
				"bytes":	1225008,
				"bits_per_second":	9800005.587414816,
				"packets":	846,
				"omitted":	false,
				"sender":	true
			}
		}, {
			"streams":	[{
					"socket":	6,
					"start":	4.000076,
					"end":	5.000072,
					"seconds":	0.9999960064888,
					"bytes":	1230800,
					"bits_per_second":	9846439.32186571,
					"packets":	850,
					"omitted":	false,
					"sender":	true
				}],
			"sum":	{
				"start":	4.000076,
				"end":	5.000072,
				"seconds":	0.9999960064888,
				"bytes":	1230800,
				"bits_per_second":	9846439.32186571,
				"packets":	850,
				"omitted":	false,
				"sender":	true
			}
		}, {
			"streams":	[{
					"socket":	6,
					"start":	5.000072,
					"end":	6.000081,
					"seconds":	1.0000089406967163,
					"bytes":	1225008,
					"bits_per_second":	9799976.3813833464,
					"packets":	846,
					"omitted":	false,
					"sender":	true
				}],
			"sum":	{
				"start":	5.000072,
				"end":	6.000081,
				"seconds":	1.0000089406967163,
				"bytes":	1225008,
				"bits_per_second":	9799976.3813833464,
				"packets":	846,
				"omitted":	false,
				"sender":	true
			}
		}, {
			"streams":	[{
					"socket":	6,
					"start":	6.000081,
					"end":	7.000108,
					"seconds":	1.0000269412994385,
					"bytes":	1225008,
					"bits_per_second":	9799799.9806542844,
					"packets":	846,
					"omitted":	false,
					"sender":	true
				}],
			"sum":	{
				"start":	6.000081,
				"end":	7.000108,
				"seconds":	1.0000269412994385,
				"bytes":	1225008,
				"bits_per_second":	9799799.9806542844,
				"packets":	846,
				"omitted":	false,
				"sender":	true
			}
		}, {
			"streams":	[{
					"socket":	6,
					"start":	7.000108,
					"end":	8.000069,
					"seconds":	0.999961018562317,
					"bytes":	1225008,
					"bits_per_second":	9800446.0354764,
					"packets":	846,
					"omitted":	false,
					"sender":	true
				}],
			"sum":	{
				"start":	7.000108,
				"end":	8.000069,
				"seconds":	0.999961018562317,
				"bytes":	1225008,
				"bits_per_second":	9800446.0354764,
				"packets":	846,
				"omitted":	false,
				"sender":	true
			}
		}, {
			"streams":	[{
					"socket":	6,
					"start":	8.000069,
					"end":	9.000069,
					"seconds":	1,
					"bytes":	1156952,
					"bits_per_second":	9255616,
					"packets":	799,
					"omitted":	false,
					"sender":	true
				}],
			"sum":	{
				"start":	8.000069,
				"end":	9.000069,
				"seconds":	1,
				"bytes":	1156952,
				"bits_per_second":	9255616,
				"packets":	799,
				"omitted":	false,
				"sender":	true
			}
		}, {
			"streams":	[{
					"socket":	6,
					"start":	9.000069,
					"end":	10.000081,
					"seconds":	1.0000120401382446,
					"bytes":	1225008,
					"bits_per_second":	9799946.00729528,
					"packets":	846,
					"omitted":	false,
					"sender":	true
				}],
			"sum":	{
				"start":	9.000069,
				"end":	10.000081,
				"seconds":	1.0000120401382446,
				"bytes":	1225008,
				"bits_per_second":	9799946.00729528,
				"packets":	846,
				"omitted":	false,
				"sender":	true
			}
		}, {
			"streams":	[{
					"socket":	6,
					"start":	10.000081,
					"end":	11.000078,
					"seconds":	0.99999701976776123,
					"bytes":	1225008,
					"bits_per_second":	9800093.2065537162,
					"packets":	846,
					"omitted":	false,
					"sender":	true
				}],
			"sum":	{
				"start":	10.000081,
				"end":	11.000078,
				"seconds":	0.99999701976776123,
				"bytes":	1225008,
				"bits_per_second":	9800093.2065537162,
				"packets":	846,
				"omitted":	false,
				"sender":	true
			}
		}, {
			"streams":	[{
					"socket":	6,
					"start":	11.000078,
					"end":	12.000069,
					"seconds":	0.999990999698639,
					"bytes":	1225008,
					"bits_per_second":	9800152.2043232229,
					"packets":	846,
					"omitted":	false,
					"sender":	true
				}],
			"sum":	{
				"start":	11.000078,
				"end":	12.000069,
				"seconds":	0.999990999698639,
				"bytes":	1225008,
				"bits_per_second":	9800152.2043232229,
				"packets":	846,
				"omitted":	false,
				"sender":	true
			}
		}, {
			"streams":	[{
					"socket":	6,
					"start":	12.000069,
					"end":	13.000087,
					"seconds":	1.0000180006027222,
					"bytes":	1225008,
					"bits_per_second":	9799887.59611666,
					"packets":	846,
					"omitted":	false,
					"sender":	true
				}],
			"sum":	{
				"start":	12.000069,
				"end":	13.000087,
				"seconds":	1.0000180006027222,
				"bytes":	1225008,
				"bits_per_second":	9799887.59611666,
				"packets":	846,
				"omitted":	false,
				"sender":	true
			}
		}, {
			"streams":	[{
					"socket":	6,
					"start":	13.000087,
					"end":	14.000117,
					"seconds":	1.0000300407409668,
					"bytes":	1225008,
					"bits_per_second":	9799769.60765968,
					"packets":	846,
					"omitted":	false,
					"sender":	true
				}],
			"sum":	{
				"start":	13.000087,
				"end":	14.000117,
				"seconds":	1.0000300407409668,
				"bytes":	1225008,
				"bits_per_second":	9799769.60765968,
				"packets":	846,
				"omitted":	false,
				"sender":	true
			}
		}, {
			"streams":	[{
					"socket":	6,
					"start":	14.000117,
					"end":	15.00007,
					"seconds":	0.99995297193527222,
					"bytes":	1159848,
					"bits_per_second":	9279220.38377683,
					"packets":	801,
					"omitted":	false,
					"sender":	true
				}],
			"sum":	{
				"start":	14.000117,
				"end":	15.00007,
				"seconds":	0.99995297193527222,
				"bytes":	1159848,