{
	"start":	{
		"connected":	[{
				"socket":	6,
				"local_host":	"10.0.0.1",
				"local_port":	60139,
				"remote_host":	"10.0.0.2",
				"remote_port":	5201
			}],
		"version":	"iperf 3.16",
		"system_info":	"Linux DESKTOP-1SICFSU 6.6.87.2-microsoft-standard-WSL2+ #1 SMP PREEMPT_DYNAMIC Sat Nov  8 16:12:55 CET 2025 x86_64",
		"timestamp":	{
			"time":	"Sun, 09 Nov 2025 12:12:42 GMT",
			"timesecs":	1762690362
		},
		"connecting_to":	{
			"host":	"10.0.0.2",
			"port":	5201
		},
		"cookie":	"k4duqpx7vuyrlswirqoh5vlhbzydx7kjbndb",
		"target_bitrate":	50000000,
		"fq_rate":	0,
		"sock_bufsize":	0,
		"sndbuf_actual":	212992,
		"rcvbuf_actual":	212992,
		"test_start":	{
			"protocol":	"UDP",
			"num_streams":	1,
			"blksize":	1448,
			"omit":	0,
			"duration":	30,
			"bytes":	0,
			"blocks":	0,
			"reverse":	0,
			"tos":	184,
			"target_bitrate":	50000000,
			"bidir":	0,
			"fqrate":	0
		}
	},
	"intervals":	[{
			"streams":	[{
					"socket":	6,
					"start":	0,
					"end":	1.000156,
					"seconds":	1.000156044960022,
					"bytes":	6245224,
					"bits_per_second":	49953996.930546038,
					"packets":	4313,
					"omitted":	false,
					"sender":	true
				}],
			"sum":	{
				"start":	0,
				"end":	1.000156,
				"seconds":	1.000156044960022,
				"bytes":	6245224,
				"bits_per_second":	49953996.930546038,
				"packets":	4313,
				"omitted":	false,
				"sender":	true
			}
		}, {
			"streams":	[{
					"socket":	6,
					"start":	1.000156,
					"end":	2.000082,
					"seconds":	0.999925971031189,
					"bytes":	6249568,
					"bits_per_second":	50000245.4666122,
					"packets":	4316,
					"omitted":	false,
					"sender":	true
				}],
			"sum":	{
				"start":	1.000156,
				"end":	2.000082,
				"seconds":	0.999925971031189,
				"bytes":	6249568,
				"bits_per_second":	50000245.4666122,
				"packets":	4316,
				"omitted":	false,
				"sender":	true
			}
		}, {
			"streams":	[{
					"socket":	6,
					"start":	2.000082,
					"end":	3.000131,
					"seconds":	1.0000489950180054,
					"bytes":	6251016,
					"bits_per_second":	50005677.970907442,
					"packets":	4317,
					"omitted":	false,
					"sender":	true
				}],
			"sum":	{
				"start":	2.000082,
				"end":	3.000131,
				"seconds":	1.0000489950180054,
				"bytes":	6251016,
				"bits_per_second":	50005677.970907442,
				"packets":	4317,
				"omitted":	false,
				"sender":	true
			}
		}, {
			"streams":	[{
					"socket":	6,
					"start":	3.000131,
					"end":	4.00007,
					"seconds":	0.99993902444839478,
					"bytes":	6249568,
					"bits_per_second":	49999592.752748132,
					"packets":	4316,
					"omitted":	false,
					"sender":	true
				}],
			"sum":	{
				"start":	3.000131,
				"end":	4.00007,
				"seconds":	0.99993902444839478,
				"bytes":	6249568,
				"bits_per_second":	49999592.752748132,
				"packets":	4316,
				"omitted":	false,
				"sender":	true
			}
		}, {
			"streams":	[{
					"socket":	6,
					"start":	4.00007,
					"end":	5.000079,
					"seconds":	1.0000089406967163,
					"bytes":	6249568,
					"bits_per_second":	49996097.000059724,
					"packets":	4316,
					"omitted":	false,
					"sender":	true
				}],
			"sum":	{
				"start":	4.00007,
				"end":	5.000079,
				"seconds":	1.0000089406967163,
				"bytes":	6249568,
				"bits_per_second":	49996097.000059724,
				"packets":	4316,
				"omitted":	false,
				"sender":	true
			}
		}, {
			"streams":	[{
					"socket":	6,
					"start":	5.000079,
					"end":	6.000121,
					"seconds":	1.0000419616699219,
					"bytes":	6251016,
					"bits_per_second":	50006029.663489155,
					"packets":	4317,
					"omitted":	false,
					"sender":	true
				}],
			"sum":	{
				"start":	5.000079,
				"end":	6.000121,
				"seconds":	1.0000419616699219,
				"bytes":	6251016,
				"bits_per_second":	50006029.663489155,
				"packets":	4317,
				"omitted":	false,
				"sender":	true
			}
		}, {
			"streams":	[{
					"socket":	6,
					"start":	6.000121,
					"end":	7.000071,
					"seconds":	0.99994999170303345,
					"bytes":	6249568,
					"bits_per_second":	49999044.367058754,
					"packets":	4316,
					"omitted":	false,
					"sender":	true
				}],
			"sum":	{
				"start":	6.000121,
				"end":	7.000071,
				"seconds":	0.99994999170303345,
				"bytes":	6249568,
				"bits_per_second":	49999044.367058754,
				"packets":	4316,
				"omitted":	false,
				"sender":	true
			}
		}, {
			"streams":	[{
					"socket":	6,
					"start":	7.000071,
					"end":	8.000071,
					"seconds":	1,
					"bytes":	6249568,
					"bits_per_second":	49996544,
					"packets":	4316,
					"omitted":	false,
					"sender":	true
				}],
			"sum":	{
				"start":	7.000071,
				"end":	8.000071,
				"seconds":	1,
				"bytes":	6249568,
				"bits_per_second":	49996544,
				"packets":	4316,
				"omitted":	false,
				"sender":	true
			}
		}, {
			"streams":	[{
					"socket":	6,
					"start":	8.000071,
					"end":	9.000111,
					"seconds":	1.0000400543212891,
					"bytes":	6249568,
					"bits_per_second":	49994541.502571955,
					"packets":	4316,
					"omitted":	false,
					"sender":	true
				}],
			"sum":	{
				"start":	8.000071,
				"end":	9.000111,
				"seconds":	1.0000400543212891,
				"bytes":	6249568,
				"bits_per_second":	49994541.502571955,
				"packets":	4316,
				"omitted":	false,
				"sender":	true
			}
		}, {
			"streams":	[{
					"socket":	6,
					"start":	9.000111,
					"end":	10.000074,
					"seconds":	0.99996298551559448,
					"bytes":	6251016,
					"bits_per_second":	50009979.09359128,
					"packets":	4317,
					"omitted":	false,
					"sender":	true
				}],
			"sum":	{
				"start":	9.000111,
				"end":	10.000074,
				"seconds":	0.99996298551559448,
				"bytes":	6251016,
				"bits_per_second":	50009979.09359128,
				"packets":	4317,
				"omitted":	false,
				"sender":	true
			}
		}, {
			"streams":	[{
					"socket":	6,
					"start":	10.000074,
					"end":	11.000081,
					"seconds":	1.0000070333480835,
					"bytes":	6249568,
					"bits_per_second":	49996192.3593763,
					"packets":	4316,
					"omitted":	false,
					"sender":	true
				}],
			"sum":	{
				"start":	10.000074,
				"end":	11.000081,
				"seconds":	1.0000070333480835,
				"bytes":	6249568,
				"bits_per_second":	49996192.3593763,
				"packets":	4316,
				"omitted":	false,
				"sender":	true
			}
		}, {
			"streams":	[{
					"socket":	6,
					"start":	11.000081,
					"end":	12.000086,
					"seconds":	1.0000050067901611,
					"bytes":	6249568,
					"bits_per_second":	49996293.679048717,
					"packets":	4316,
					"omitted":	false,
					"sender":	true
				}],
			"sum":	{
				"start":	11.000081,
				"end":	12.000086,
				"seconds":	1.0000050067901611,
				"bytes":	6249568,
				"bits_per_second":	49996293.679048717,
				"packets":	4316,
				"omitted":	false,
				"sender":	true
			}
		}, {
			"streams":	[{
					"socket":	6,
					"start":	12.000086,
					"end":	13.007619,
					"seconds":	1.0075329542160034,
					"bytes":	6249568,
					"bits_per_second":	49622738.185178325,
					"packets":	4316,
					"omitted":	false,
					"sender":	true
				}],
			"sum":	{
				"start":	12.000086,
				"end":	13.007619,
				"seconds":	1.0075329542160034,
				"bytes":	6249568,
				"bits_per_second":	49622738.185178325,
				"packets":	4316,
				"omitted":	false,
				"sender":	true
			}
		}, {
			"streams":	[{
					"socket":	6,
					"start":	13.007619,
					"end":	14.000089,
					"seconds":	0.99247002601623535,
					"bytes":	6251016,
					"bits_per_second":	50387544.9022195,
					"packets":	4317,
					"omitted":	false,
					"sender":	true
				}],
			"sum":	{
				"start":	13.007619,
				"end":	14.000089,
				"seconds":	0.99247002601623535,
				"bytes":	6251016,
				"bits_per_second":	50387544.9022195,
				"packets":	4317,
				"omitted":	false,
				"sender":	true
			}
		}, {
			"streams":	[{
					"socket":	6,
					"start":	14.000089,
					"end":	15.000125,
					"seconds":	1.0000360012054443,
					"bytes":	6249568,
					"bits_per_second":	49994744.128945477,
					"packets":	4316,
					"omitted":	false,
					"sender":	true
				}],
			"sum":	{
				"start":	14.000089,
				"end":	15.000125,