class,throughput_rx_Mbps,jitter_ms,loss_pct
EF,5.775908101996994,2.255602558701168,0
AF31,2.8986097034794103,4.55448018622187,0
BE,0.9641526440970555,13.958737978387633,0
