{
	"start":	{
		"connected":	[{
				"socket":	6,
				"local_host":	"10.0.0.1",
				"local_port":	36063,
				"remote_host":	"10.0.0.2",
				"remote_port":	5201
			}],
		"version":	"iperf 3.16",
		"system_info":	"Linux DESKTOP-1SICFSU 6.6.87.2-microsoft-standard-WSL2+ #1 SMP PREEMPT_DYNAMIC Sat Nov  8 16:12:55 CET 2025 x86_64",
		"timestamp":	{
			"time":	"Sun, 09 Nov 2025 10:25:03 GMT",
			"timesecs":	1762683903
		},
		"connecting_to":	{
			"host":	"10.0.0.2",
			"port":	5201
		},
		"cookie":	"xmfb7zuzfjs2oepewzatpyd2srkszf44s4pk",
		"target_bitrate":	40000000,
		"fq_rate":	0,
		"sock_bufsize":	0,
		"sndbuf_actual":	212992,
		"rcvbuf_actual":	212992,
		"test_start":	{
			"protocol":	"UDP",
			"num_streams":	1,
			"blksize":	1448,
			"omit":	0,
			"duration":	30,
			"bytes":	0,
			"blocks":	0,
			"reverse":	0,
			"tos":	184,
			"target_bitrate":	40000000,
			"bidir":	0,
			"fqrate":	0
		}
	},
	"intervals":	[{
			"streams":	[{
					"socket":	6,
					"start":	0,
					"end":	1.000078,
					"seconds":	1.0000779628753662,
					"bytes":	4995600,
					"bits_per_second":	39961684.472174071,
					"packets":	3450,
					"omitted":	false,
					"sender":	true
				}],
			"sum":	{
				"start":	0,
				"end":	1.000078,
				"seconds":	1.0000779628753662,
				"bytes":	4995600,
				"bits_per_second":	39961684.472174071,
				"packets":	3450,
				"omitted":	false,
				"sender":	true
			}
		}, {
			"streams":	[{
					"socket":	6,
					"start":	1.000078,
					"end":	2.0001,
					"seconds":	1.0000220537185669,
					"bytes":	5001392,
					"bits_per_second":	40010253.625126764,
					"packets":	3454,
					"omitted":	false,
					"sender":	true
				}],
			"sum":	{
				"start":	1.000078,
				"end":	2.0001,
				"seconds":	1.0000220537185669,
				"bytes":	5001392,
				"bits_per_second":	40010253.625126764,
				"packets":	3454,
				"omitted":	false,
				"sender":	true
			}
		}, {
			"streams":	[{
					"socket":	6,
					"start":	2.0001,
					"end":	3.000094,
					"seconds":	0.99999397993087769,
					"bytes":	4999944,
					"bits_per_second":	39999792.801517546,
					"packets":	3453,
					"omitted":	false,
					"sender":	true
				}],
			"sum":	{
				"start":	2.0001,
				"end":	3.000094,
				"seconds":	0.99999397993087769,
				"bytes":	4999944,
				"bits_per_second":	39999792.801517546,
				"packets":	3453,
				"omitted":	false,
				"sender":	true
			}
		}, {
			"streams":	[{
					"socket":	6,
					"start":	3.000094,
					"end":	4.000101,
					"seconds":	1.0000070333480835,
					"bytes":	4999944,
					"bits_per_second":	39999270.671206281,
					"packets":	3453,
					"omitted":	false,
					"sender":	true
				}],
			"sum":	{
				"start":	3.000094,
				"end":	4.000101,
				"seconds":	1.0000070333480835,
				"bytes":	4999944,
				"bits_per_second":	39999270.671206281,
				"packets":	3453,
				"omitted":	false,
				"sender":	true
			}
		}, {
			"streams":	[{
					"socket":	6,
					"start":	4.000101,
					"end":	5.00009,
					"seconds":	0.99998897314071655,
					"bytes":	4999944,
					"bits_per_second":	39999993.074294969,
					"packets":	3453,
					"omitted":	false,
					"sender":	true
				}],
			"sum":	{
				"start":	4.000101,
				"end":	5.00009,
				"seconds":	0.99998897314071655,
				"bytes":	4999944,
				"bits_per_second":	39999993.074294969,
				"packets":	3453,
				"omitted":	false,
				"sender":	true
			}
		}, {
			"streams":	[{
					"socket":	6,
					"start":	5.00009,
					"end":	6.000079,
					"seconds":	0.99998897314071655,
					"bytes":	4999944,
					"bits_per_second":	39999993.074294969,
					"packets":	3453,
					"omitted":	false,
					"sender":	true
				}],
			"sum":	{
				"start":	5.00009,
				"end":	6.000079,
				"seconds":	0.99998897314071655,
				"bytes":	4999944,
				"bits_per_second":	39999993.074294969,
				"packets":	3453,
				"omitted":	false,
				"sender":	true
			}
		}, {
			"streams":	[{
					"socket":	6,
					"start":	6.000079,
					"end":	7.000083,
					"seconds":	1.0000040531158447,
					"bytes":	4999944,
					"bits_per_second":	39999389.8778391,
					"packets":	3453,
					"omitted":	false,
					"sender":	true
				}],
			"sum":	{
				"start":	6.000079,
				"end":	7.000083,
				"seconds":	1.0000040531158447,
				"bytes":	4999944,
				"bits_per_second":	39999389.8778391,
				"packets":	3453,
				"omitted":	false,
				"sender":	true
			}
		}, {
			"streams":	[{
					"socket":	6,
					"start":	7.000083,
					"end":	8.000084,
					"seconds":	1.0000009536743164,
					"bytes":	4999944,
					"bits_per_second":	39999513.853490971,
					"packets":	3453,
					"omitted":	false,
					"sender":	true
				}],
			"sum":	{
				"start":	7.000083,
				"end":	8.000084,
				"seconds":	1.0000009536743164,
				"bytes":	4999944,
				"bits_per_second":	39999513.853490971,
				"packets":	3453,
				"omitted":	false,
				"sender":	true
			}
		}, {
			"streams":	[{
					"socket":	6,
					"start":	8.000084,
					"end":	9.000093,
					"seconds":	1.0000089406967163,
					"bytes":	4999944,
					"bits_per_second":	39999194.379334159,
					"packets":	3453,
					"omitted":	false,
					"sender":	true
				}],
			"sum":	{
				"start":	8.000084,
				"end":	9.000093,
				"seconds":	1.0000089406967163,
				"bytes":	4999944,
				"bits_per_second":	39999194.379334159,
				"packets":	3453,
				"omitted":	false,
				"sender":	true
			}
		}, {
			"streams":	[{
					"socket":	6,
					"start":	9.000093,
					"end":	10.000142,
					"seconds":	1.0000489950180054,
					"bytes":	4999944,
					"bits_per_second":	39997592.317244247,
					"packets":	3453,
					"omitted":	false,
					"sender":	true
				}],
			"sum":	{
				"start":	9.000093,
				"end":	10.000142,
				"seconds":	1.0000489950180054,
				"bytes":	4999944,
				"bits_per_second":	39997592.317244247,
				"packets":	3453,
				"omitted":	false,
				"sender":	true
			}
		}, {
			"streams":	[{
					"socket":	6,
					"start":	10.000142,
					"end":	11.00011,
					"seconds":	0.99996799230575562,
					"bytes":	4999944,
					"bits_per_second":	40000832.334410883,
					"packets":	3453,
					"omitted":	false,
					"sender":	true
				}],
			"sum":	{
				"start":	10.000142,
				"end":	11.00011,
				"seconds":	0.99996799230575562,
				"bytes":	4999944,
				"bits_per_second":	40000832.334410883,
				"packets":	3453,
				"omitted":	false,
				"sender":	true
			}
		}, {
			"streams":	[{
					"socket":	6,
					"start":	11.00011,
					"end":	12.000098,
					"seconds":	0.9999880194664,
					"bytes":	4999944,
					"bits_per_second":	40000031.221718051,
					"packets":	3453,
					"omitted":	false,
					"sender":	true
				}],
			"sum":	{
				"start":	11.00011,
				"end":	12.000098,
				"seconds":	0.9999880194664,
				"bytes":	4999944,
				"bits_per_second":	40000031.221718051,
				"packets":	3453,
				"omitted":	false,
				"sender":	true
			}
		}, {
			"streams":	[{
					"socket":	6,
					"start":	12.000098,
					"end":	13.000086,
					"seconds":	0.9999880194664,
					"bytes":	4999944,
					"bits_per_second":	40000031.221718051,
					"packets":	3453,
					"omitted":	false,
					"sender":	true
				}],
			"sum":	{
				"start":	12.000098,
				"end":	13.000086,
				"seconds":	0.9999880194664,
				"bytes":	4999944,
				"bits_per_second":	40000031.221718051,
				"packets":	3453,
				"omitted":	false,
				"sender":	true
			}
		}, {
			"streams":	[{
					"socket":	6,
					"start":	13.000086,
					"end":	14.000118,
					"seconds":	1.0000319480895996,
					"bytes":	4999944,
					"bits_per_second":	39998274.131554216,
					"packets":	3453,
					"omitted":	false,
					"sender":	true
				}],
			"sum":	{
				"start":	13.000086,
				"end":	14.000118,
				"seconds":	1.0000319480895996,
				"bytes":	4999944,
				"bits_per_second":	39998274.131554216,
				"packets":	3453,
				"omitted":	false,
				"sender":	true
			}
		}, {
			"streams":	[{
					"socket":	6,
					"start":	14.000118,
					"end":	15.000097,
					"seconds":	0.999979019165039,
					"bytes":	4934784,
					"bits_per_second":	39479100.3044879,
					"packets":	3409,
					"omitted":	false,
					"sender":	true
				}],