{
	"start":	{
		"connected":	[{
				"socket":	6,
				"local_host":	"10.0.0.1",
				"local_port":	58157,
				"remote_host":	"10.0.0.2",
				"remote_port":	5203
			}],
		"version":	"iperf 3.16",
		"system_info":	"Linux DESKTOP-1SICFSU 6.6.87.2-microsoft-standard-WSL2+ #1 SMP PREEMPT_DYNAMIC Sat Nov  8 16:12:55 CET 2025 x86_64",
		"timestamp":	{
			"time":	"Sun, 09 Nov 2025 12:04:12 GMT",
			"timesecs":	1762689852
		},
		"connecting_to":	{
			"host":	"10.0.0.2",
			"port":	5203
		},
		"cookie":	"kzmbdtzty5cmuuvssazpk4rgplid3mpheqdr",
		"target_bitrate":	50000000,
		"fq_rate":	0,
		"sock_bufsize":	0,
		"sndbuf_actual":	212992,
		"rcvbuf_actual":	212992,
		"test_start":	{
			"protocol":	"UDP",
			"num_streams":	1,
			"blksize":	1448,
			"omit":	0,
			"duration":	30,
			"bytes":	0,
			"blocks":	0,
			"reverse":	0,
			"tos":	0,
			"target_bitrate":	50000000,
			"bidir":	0,
			"fqrate":	0
		}
	},
	"intervals":	[{
			"streams":	[{
					"socket":	6,
					"start":	0,
					"end":	1.000085,
					"seconds":	1.00008499622345,
					"bytes":	6245224,
					"bits_per_second":	49957545.797274418,
					"packets":	4313,
					"omitted":	false,
					"sender":	true
				}],
			"sum":	{
				"start":	0,
				"end":	1.000085,
				"seconds":	1.00008499622345,
				"bytes":	6245224,
				"bits_per_second":	49957545.797274418,
				"packets":	4313,
				"omitted":	false,
				"sender":	true
			}
		}, {
			"streams":	[{
					"socket":	6,
					"start":	1.000085,
					"end":	2.000082,
					"seconds":	0.99999701976776123,
					"bytes":	6249568,
					"bits_per_second":	49996693.001756318,
					"packets":	4316,
					"omitted":	false,
					"sender":	true
				}],
			"sum":	{
				"start":	1.000085,
				"end":	2.000082,
				"seconds":	0.99999701976776123,
				"bytes":	6249568,
				"bits_per_second":	49996693.001756318,
				"packets":	4316,
				"omitted":	false,
				"sender":	true
			}
		}, {
			"streams":	[{
					"socket":	6,
					"start":	2.000082,
					"end":	3.000096,
					"seconds":	1.0000139474868774,
					"bytes":	6251016,
					"bits_per_second":	50007430.522019021,
					"packets":	4317,
					"omitted":	false,
					"sender":	true
				}],
			"sum":	{
				"start":	2.000082,
				"end":	3.000096,
				"seconds":	1.0000139474868774,
				"bytes":	6251016,
				"bits_per_second":	50007430.522019021,
				"packets":	4317,
				"omitted":	false,
				"sender":	true
			}
		}, {
			"streams":	[{
					"socket":	6,
					"start":	3.000096,
					"end":	4.000076,
					"seconds":	0.99997997283935547,
					"bytes":	6249568,
					"bits_per_second":	49997545.308871731,
					"packets":	4316,
					"omitted":	false,
					"sender":	true
				}],
			"sum":	{
				"start":	3.000096,
				"end":	4.000076,
				"seconds":	0.99997997283935547,
				"bytes":	6249568,
				"bits_per_second":	49997545.308871731,
				"packets":	4316,
				"omitted":	false,
				"sender":	true
			}
		}, {
			"streams":	[{
					"socket":	6,
					"start":	4.000076,
					"end":	5.000079,
					"seconds":	1.0000029802322388,
					"bytes":	6249568,
					"bits_per_second":	49996394.9991318,
					"packets":	4316,
					"omitted":	false,
					"sender":	true
				}],
			"sum":	{
				"start":	4.000076,
				"end":	5.000079,
				"seconds":	1.0000029802322388,
				"bytes":	6249568,
				"bits_per_second":	49996394.9991318,
				"packets":	4316,
				"omitted":	false,
				"sender":	true
			}
		}, {
			"streams":	[{
					"socket":	6,
					"start":	5.000079,
					"end":	6.000079,
					"seconds":	1,
					"bytes":	6249568,
					"bits_per_second":	49996544,
					"packets":	4316,
					"omitted":	false,
					"sender":	true
				}],
			"sum":	{
				"start":	5.000079,
				"end":	6.000079,
				"seconds":	1,
				"bytes":	6249568,
				"bits_per_second":	49996544,
				"packets":	4316,
				"omitted":	false,
				"sender":	true
			}
		}, {
			"streams":	[{
					"socket":	6,
					"start":	6.000079,
					"end":	7.000079,
					"seconds":	1,
					"bytes":	6251016,
					"bits_per_second":	50008128,
					"packets":	4317,
					"omitted":	false,
					"sender":	true
				}],
			"sum":	{
				"start":	6.000079,
				"end":	7.000079,
				"seconds":	1,
				"bytes":	6251016,
				"bits_per_second":	50008128,
				"packets":	4317,
				"omitted":	false,
				"sender":	true
			}
		}, {
			"streams":	[{
					"socket":	6,
					"start":	7.000079,
					"end":	8.000149,
					"seconds":	1.0000699758529663,
					"bytes":	6249568,
					"bits_per_second":	49993045.693985179,
					"packets":	4316,
					"omitted":	false,
					"sender":	true
				}],
			"sum":	{
				"start":	7.000079,
				"end":	8.000149,
				"seconds":	1.0000699758529663,
				"bytes":	6249568,
				"bits_per_second":	49993045.693985179,
				"packets":	4316,
				"omitted":	false,
				"sender":	true
			}
		}, {
			"streams":	[{
					"socket":	6,
					"start":	8.000149,
					"end":	9.000084,
					"seconds":	0.99993497133255,
					"bytes":	6249568,
					"bits_per_second":	49999795.420068935,
					"packets":	4316,
					"omitted":	false,
					"sender":	true
				}],
			"sum":	{
				"start":	8.000149,
				"end":	9.000084,
				"seconds":	0.99993497133255,
				"bytes":	6249568,
				"bits_per_second":	49999795.420068935,
				"packets":	4316,
				"omitted":	false,
				"sender":	true
			}
		}, {
			"streams":	[{
					"socket":	6,
					"start":	9.000084,
					"end":	10.000093,
					"seconds":	1.0000089406967163,
					"bytes":	6251016,
					"bits_per_second":	50007680.896491617,
					"packets":	4317,
					"omitted":	false,
					"sender":	true
				}],
			"sum":	{
				"start":	9.000084,
				"end":	10.000093,
				"seconds":	1.0000089406967163,
				"bytes":	6251016,
				"bits_per_second":	50007680.896491617,
				"packets":	4317,
				"omitted":	false,
				"sender":	true
			}
		}, {
			"streams":	[{
					"socket":	6,
					"start":	10.000093,
					"end":	11.000081,
					"seconds":	0.9999880194664,
					"bytes":	6249568,
					"bits_per_second":	49997142.992451519,
					"packets":	4316,
					"omitted":	false,
					"sender":	true
				}],
			"sum":	{
				"start":	10.000093,
				"end":	11.000081,
				"seconds":	0.9999880194664,
				"bytes":	6249568,
				"bits_per_second":	49997142.992451519,
				"packets":	4316,
				"omitted":	false,
				"sender":	true
			}
		}, {
			"streams":	[{
					"socket":	6,
					"start":	11.000081,
					"end":	12.000082,
					"seconds":	1.0000009536743164,
					"bytes":	6249568,
					"bits_per_second":	49996496.319625549,
					"packets":	4316,
					"omitted":	false,
					"sender":	true
				}],
			"sum":	{
				"start":	11.000081,
				"end":	12.000082,
				"seconds":	1.0000009536743164,
				"bytes":	6249568,
				"bits_per_second":	49996496.319625549,
				"packets":	4316,
				"omitted":	false,
				"sender":	true
			}
		}, {
			"streams":	[{
					"socket":	6,
					"start":	12.000082,
					"end":	13.00008,
					"seconds":	0.99999797344207764,
					"bytes":	6249568,
					"bits_per_second":	49996645.321097665,
					"packets":	4316,
					"omitted":	false,
					"sender":	true
				}],
			"sum":	{
				"start":	12.000082,
				"end":	13.00008,
				"seconds":	0.99999797344207764,
				"bytes":	6249568,
				"bits_per_second":	49996645.321097665,
				"packets":	4316,
				"omitted":	false,
				"sender":	true
			}
		}, {
			"streams":	[{
					"socket":	6,
					"start":	13.00008,
					"end":	14.000114,
					"seconds":	1.000033974647522,
					"bytes":	6251016,
					"bits_per_second":	50006429.049199224,
					"packets":	4317,
					"omitted":	false,
					"sender":	true
				}],
			"sum":	{
				"start":	13.00008,
				"end":	14.000114,
				"seconds":	1.000033974647522,
				"bytes":	6251016,
				"bits_per_second":	50006429.049199224,
				"packets":	4317,
				"omitted":	false,
				"sender":	true
			}
		}, {
			"streams":	[{
					"socket":	6,
					"start":	14.000114,
					"end":	15.000089,
					"seconds":	0.999975025653839,
					"bytes":	6249568,
					"bits_per_second":	49997792.662181228,
					"packets":	4316,
					"omitted":	false,
					"sender":	true
				}],
			"sum":	{
				"start":	14.000114,
				"end":	15.000089,
				"seconds":	0.999975025653839,
				"bytes":	6249568,