{
	"start":	{
		"connected":	[{
				"socket":	6,
				"local_host":	"10.0.0.1",
				"local_port":	40134,
				"remote_host":	"10.0.0.2",
				"remote_port":	5201
			}],
		"version":	"iperf 3.16",
		"system_info":	"Linux DESKTOP-1SICFSU 6.6.87.2-microsoft-standard-WSL2+ #1 SMP PREEMPT_DYNAMIC Sat Nov  8 16:12:55 CET 2025 x86_64",
		"timestamp":	{
			"time":	"Sun, 09 Nov 2025 12:04:12 GMT",
			"timesecs":	1762689852
		},
		"connecting_to":	{
			"host":	"10.0.0.2",
			"port":	5201
		},
		"cookie":	"sohgzixzvxzmizdazlrcykoyjbvanptohes6",
		"target_bitrate":	50000000,
		"fq_rate":	0,
		"sock_bufsize":	0,
		"sndbuf_actual":	212992,
		"rcvbuf_actual":	212992,
		"test_start":	{
			"protocol":	"UDP",
			"num_streams":	1,
			"blksize":	1448,
			"omit":	0,
			"duration":	30,
			"bytes":	0,
			"blocks":	0,
			"reverse":	0,
			"tos":	184,
			"target_bitrate":	50000000,
			"bidir":	0,
			"fqrate":	0
		}
	},
	"intervals":	[{
			"streams":	[{
					"socket":	6,
					"start":	0,
					"end":	1.000098,
					"seconds":	1.0000979900360107,
					"bytes":	6245224,
					"bits_per_second":	49956896.721891239,
					"packets":	4313,
					"omitted":	false,
					"sender":	true
				}],
			"sum":	{
				"start":	0,
				"end":	1.000098,
				"seconds":	1.0000979900360107,
				"bytes":	6245224,
				"bits_per_second":	49956896.721891239,
				"packets":	4313,
				"omitted":	false,
				"sender":	true
			}
		}, {
			"streams":	[{
					"socket":	6,
					"start":	1.000098,
					"end":	2.000086,
					"seconds":	0.9999880194664,
					"bytes":	6249568,
					"bits_per_second":	49997142.992451519,
					"packets":	4316,
					"omitted":	false,
					"sender":	true
				}],
			"sum":	{
				"start":	1.000098,
				"end":	2.000086,
				"seconds":	0.9999880194664,
				"bytes":	6249568,
				"bits_per_second":	49997142.992451519,
				"packets":	4316,
				"omitted":	false,
				"sender":	true
			}
		}, {
			"streams":	[{
					"socket":	6,
					"start":	2.000086,
					"end":	3.000082,
					"seconds":	0.9999960064888,
					"bytes":	6251016,
					"bits_per_second":	50008327.7088168,
					"packets":	4317,
					"omitted":	false,
					"sender":	true
				}],
			"sum":	{
				"start":	2.000086,
				"end":	3.000082,
				"seconds":	0.9999960064888,
				"bytes":	6251016,
				"bits_per_second":	50008327.7088168,
				"packets":	4317,
				"omitted":	false,
				"sender":	true
			}
		}, {
			"streams":	[{
					"socket":	6,
					"start":	3.000082,
					"end":	4.00009,
					"seconds":	1.0000079870224,
					"bytes":	6249568,
					"bits_per_second":	49996144.679672532,
					"packets":	4316,
					"omitted":	false,
					"sender":	true
				}],
			"sum":	{
				"start":	3.000082,
				"end":	4.00009,
				"seconds":	1.0000079870224,
				"bytes":	6249568,
				"bits_per_second":	49996144.679672532,
				"packets":	4316,
				"omitted":	false,
				"sender":	true
			}
		}, {
			"streams":	[{
					"socket":	6,
					"start":	4.00009,
					"end":	5.000095,
					"seconds":	1.0000050067901611,
					"bytes":	6249568,
					"bits_per_second":	49996293.679048717,
					"packets":	4316,
					"omitted":	false,
					"sender":	true
				}],
			"sum":	{
				"start":	4.00009,
				"end":	5.000095,
				"seconds":	1.0000050067901611,
				"bytes":	6249568,
				"bits_per_second":	49996293.679048717,
				"packets":	4316,
				"omitted":	false,
				"sender":	true
			}
		}, {
			"streams":	[{
					"socket":	6,
					"start":	5.000095,
					"end":	6.000086,
					"seconds":	0.999990999698639,
					"bytes":	6251016,
					"bits_per_second":	50008578.092273466,
					"packets":	4317,
					"omitted":	false,
					"sender":	true
				}],
			"sum":	{
				"start":	5.000095,
				"end":	6.000086,
				"seconds":	0.999990999698639,
				"bytes":	6251016,
				"bits_per_second":	50008578.092273466,
				"packets":	4317,
				"omitted":	false,
				"sender":	true
			}
		}, {
			"streams":	[{
					"socket":	6,
					"start":	6.000086,
					"end":	7.000083,
					"seconds":	0.99999701976776123,
					"bytes":	6249568,
					"bits_per_second":	49996693.001756318,
					"packets":	4316,
					"omitted":	false,
					"sender":	true
				}],
			"sum":	{
				"start":	6.000086,
				"end":	7.000083,
				"seconds":	0.99999701976776123,
				"bytes":	6249568,
				"bits_per_second":	49996693.001756318,
				"packets":	4316,
				"omitted":	false,
				"sender":	true
			}
		}, {
			"streams":	[{
					"socket":	6,
					"start":	7.000083,
					"end":	8.000084,
					"seconds":	1.0000009536743164,
					"bytes":	6249568,
					"bits_per_second":	49996496.319625549,
					"packets":	4316,
					"omitted":	false,
					"sender":	true
				}],
			"sum":	{
				"start":	7.000083,
				"end":	8.000084,
				"seconds":	1.0000009536743164,
				"bytes":	6249568,
				"bits_per_second":	49996496.319625549,
				"packets":	4316,
				"omitted":	false,
				"sender":	true
			}
		}, {
			"streams":	[{
					"socket":	6,
					"start":	8.000084,
					"end":	9.000094,
					"seconds":	1.0000100135803223,
					"bytes":	6249568,
					"bits_per_second":	49996043.360604,
					"packets":	4316,
					"omitted":	false,
					"sender":	true
				}],
			"sum":	{
				"start":	8.000084,
				"end":	9.000094,
				"seconds":	1.0000100135803223,
				"bytes":	6249568,
				"bits_per_second":	49996043.360604,
				"packets":	4316,
				"omitted":	false,
				"sender":	true
			}
		}, {
			"streams":	[{
					"socket":	6,
					"start":	9.000094,
					"end":	10.000082,
					"seconds":	0.9999880194664,
					"bytes":	6251016,
					"bits_per_second":	50008727.131235681,
					"packets":	4317,
					"omitted":	false,
					"sender":	true
				}],
			"sum":	{
				"start":	9.000094,
				"end":	10.000082,
				"seconds":	0.9999880194664,
				"bytes":	6251016,
				"bits_per_second":	50008727.131235681,
				"packets":	4317,
				"omitted":	false,
				"sender":	true
			}
		}, {
			"streams":	[{
					"socket":	6,
					"start":	10.000082,
					"end":	11.000085,
					"seconds":	1.0000029802322388,
					"bytes":	6249568,
					"bits_per_second":	49996394.9991318,
					"packets":	4316,
					"omitted":	false,
					"sender":	true
				}],
			"sum":	{
				"start":	10.000082,
				"end":	11.000085,
				"seconds":	1.0000029802322388,
				"bytes":	6249568,
				"bits_per_second":	49996394.9991318,
				"packets":	4316,
				"omitted":	false,
				"sender":	true
			}
		}, {
			"streams":	[{
					"socket":	6,
					"start":	11.000085,
					"end":	12.0001,
					"seconds":	1.0000150203704834,
					"bytes":	6249568,
					"bits_per_second":	49995793.044665858,
					"packets":	4316,
					"omitted":	false,
					"sender":	true
				}],
			"sum":	{
				"start":	11.000085,
				"end":	12.0001,
				"seconds":	1.0000150203704834,
				"bytes":	6249568,
				"bits_per_second":	49995793.044665858,
				"packets":	4316,
				"omitted":	false,
				"sender":	true
			}
		}, {
			"streams":	[{
					"socket":	6,
					"start":	12.0001,
					"end":	13.000084,
					"seconds":	0.9999840259552002,
					"bytes":	6251016,
					"bits_per_second":	50008926.8448378,
					"packets":	4317,
					"omitted":	false,
					"sender":	true
				}],
			"sum":	{
				"start":	12.0001,
				"end":	13.000084,
				"seconds":	0.9999840259552002,
				"bytes":	6251016,
				"bits_per_second":	50008926.8448378,
				"packets":	4317,
				"omitted":	false,
				"sender":	true
			}
		}, {
			"streams":	[{
					"socket":	6,
					"start":	13.000084,
					"end":	14.000142,
					"seconds":	1.0000580549240112,
					"bytes":	6249568,
					"bits_per_second":	49993641.622934535,
					"packets":	4316,
					"omitted":	false,
					"sender":	true
				}],
			"sum":	{
				"start":	13.000084,
				"end":	14.000142,
				"seconds":	1.0000580549240112,
				"bytes":	6249568,
				"bits_per_second":	49993641.622934535,
				"packets":	4316,
				"omitted":	false,
				"sender":	true
			}
		}, {
			"streams":	[{
					"socket":	6,
					"start":	14.000142,
					"end":	15.000075,
					"seconds":	0.99993300437927246,
					"bytes":	6249568,
					"bits_per_second":	49999893.7739197,
					"packets":	4316,
					"omitted":	false,
					"sender":	true
				}],
			"sum":	{
				"start":	14.000142,