class,throughput_rx_Mbps,jitter_ms,loss_pct
EF,nan,nan,nan
AF31,28.985030288868995,0.5175398845228112,0.31211564149022
BE,9.677185691488534,1.3697510355670135,0.2971120706730579
