{
	"start":	{
		"connected":	[{
				"socket":	6,
				"local_host":	"10.0.0.1",
				"local_port":	60115,
				"remote_host":	"10.0.0.2",
				"remote_port":	5203
			}],
		"version":	"iperf 3.16",
		"system_info":	"Linux DESKTOP-1SICFSU 6.6.87.2-microsoft-standard-WSL2+ #1 SMP PREEMPT_DYNAMIC Sat Nov  8 16:12:55 CET 2025 x86_64",
		"timestamp":	{
			"time":	"Sun, 09 Nov 2025 11:45:35 GMT",
			"timesecs":	1762688735
		},
		"connecting_to":	{
			"host":	"10.0.0.2",
			"port":	5203
		},
		"cookie":	"knid4qwt5wtwclygfeatzbdu45ebt3y5sviy",
		"target_bitrate":	50000000,
		"fq_rate":	0,
		"sock_bufsize":	0,
		"sndbuf_actual":	212992,
		"rcvbuf_actual":	212992,
		"test_start":	{
			"protocol":	"UDP",
			"num_streams":	1,
			"blksize":	1448,
			"omit":	0,
			"duration":	30,
			"bytes":	0,
			"blocks":	0,
			"reverse":	0,
			"tos":	0,
			"target_bitrate":	50000000,
			"bidir":	0,
			"fqrate":	0
		}
	},
	"intervals":	[{
			"streams":	[{
					"socket":	6,
					"start":	0,
					"end":	1.000076,
					"seconds":	1.0000760555267334,
					"bytes":	1362568,
					"bits_per_second":	10899715.016433181,
					"packets":	942,
					"omitted":	false,
					"sender":	true
				}],
			"sum":	{
				"start":	0,
				"end":	1.000076,
				"seconds":	1.0000760555267334,
				"bytes":	1362568,
				"bits_per_second":	10899715.016433181,
				"packets":	942,
				"omitted":	false,
				"sender":	true
			}
		}, {
			"streams":	[{
					"socket":	6,
					"start":	1.000076,
					"end":	2.000073,
					"seconds":	0.99999701976776123,
					"bytes":	1225008,
					"bits_per_second":	9800093.2065537162,
					"packets":	846,
					"omitted":	false,
					"sender":	true
				}],
			"sum":	{
				"start":	1.000076,
				"end":	2.000073,
				"seconds":	0.99999701976776123,
				"bytes":	1225008,
				"bits_per_second":	9800093.2065537162,
				"packets":	846,
				"omitted":	false,
				"sender":	true
			}
		}, {
			"streams":	[{
					"socket":	6,
					"start":	2.000073,
					"end":	3.000079,
					"seconds":	1.0000059604644775,
					"bytes":	1156952,
					"bits_per_second":	9255560.83255844,
					"packets":	799,
					"omitted":	false,
					"sender":	true
				}],
			"sum":	{
				"start":	2.000073,
				"end":	3.000079,
				"seconds":	1.0000059604644775,
				"bytes":	1156952,
				"bits_per_second":	9255560.83255844,
				"packets":	799,
				"omitted":	false,
				"sender":	true
			}
		}, {
			"streams":	[{
					"socket":	6,
					"start":	3.000079,
					"end":	4.00007,
					"seconds":	0.999990999698639,
					"bytes":	1225008,
					"bits_per_second":	9800152.2043232229,
					"packets":	846,
					"omitted":	false,
					"sender":	true
				}],
			"sum":	{
				"start":	3.000079,
				"end":	4.00007,
				"seconds":	0.999990999698639,
				"bytes":	1225008,
				"bits_per_second":	9800152.2043232229,
				"packets":	846,
				"omitted":	false,
				"sender":	true
			}
		}, {
			"streams":	[{
					"socket":	6,
					"start":	4.00007,
					"end":	5.000099,
					"seconds":	1.0000289678573608,
					"bytes":	1225008,
					"bits_per_second":	9799780.1213672757,
					"packets":	846,
					"omitted":	false,
					"sender":	true
				}],
			"sum":	{
				"start":	4.00007,
				"end":	5.000099,
				"seconds":	1.0000289678573608,
				"bytes":	1225008,
				"bits_per_second":	9799780.1213672757,
				"packets":	846,
				"omitted":	false,
				"sender":	true
			}
		}, {
			"streams":	[{
					"socket":	6,
					"start":	5.000099,
					"end":	6.000056,
					"seconds":	0.999957025051117,
					"bytes":	1225008,
					"bits_per_second":	9800485.17534944,
					"packets":	846,
					"omitted":	false,
					"sender":	true
				}],
			"sum":	{
				"start":	5.000099,
				"end":	6.000056,
				"seconds":	0.999957025051117,
				"bytes":	1225008,
				"bits_per_second":	9800485.17534944,
				"packets":	846,
				"omitted":	false,
				"sender":	true
			}
		}, {
			"streams":	[{
					"socket":	6,
					"start":	6.000056,
					"end":	7.000098,
					"seconds":	1.0000419616699219,
					"bytes":	1225008,
					"bits_per_second":	9799652.79020427,
					"packets":	846,
					"omitted":	false,
					"sender":	true
				}],
			"sum":	{
				"start":	6.000056,
				"end":	7.000098,
				"seconds":	1.0000419616699219,
				"bytes":	1225008,
				"bits_per_second":	9799652.79020427,
				"packets":	846,
				"omitted":	false,
				"sender":	true
			}
		}, {
			"streams":	[{
					"socket":	6,
					"start":	7.000098,
					"end":	8.000102,
					"seconds":	1.0000040531158447,
					"bytes":	1225008,
					"bits_per_second":	9800024.2793663144,
					"packets":	846,
					"omitted":	false,
					"sender":	true
				}],
			"sum":	{
				"start":	7.000098,
				"end":	8.000102,
				"seconds":	1.0000040531158447,
				"bytes":	1225008,
				"bits_per_second":	9800024.2793663144,
				"packets":	846,
				"omitted":	false,
				"sender":	true
			}
		}, {
			"streams":	[{
					"socket":	6,
					"start":	8.000102,
					"end":	9.000095,
					"seconds":	0.99999302625656128,
					"bytes":	1156952,
					"bits_per_second":	9255680.5467414837,
					"packets":	799,
					"omitted":	false,
					"sender":	true
				}],
			"sum":	{
				"start":	8.000102,
				"end":	9.000095,
				"seconds":	0.99999302625656128,
				"bytes":	1156952,
				"bits_per_second":	9255680.5467414837,
				"packets":	799,
				"omitted":	false,
				"sender":	true
			}
		}, {
			"streams":	[{
					"socket":	6,
					"start":	9.000095,
					"end":	10.000101,
					"seconds":	1.0000059604644775,
					"bytes":	1226456,
					"bits_per_second":	9811589.5183692072,
					"packets":	847,
					"omitted":	false,
					"sender":	true
				}],
			"sum":	{
				"start":	9.000095,
				"end":	10.000101,
				"seconds":	1.0000059604644775,
				"bytes":	1226456,
				"bits_per_second":	9811589.5183692072,
				"packets":	847,
				"omitted":	false,
				"sender":	true
			}
		}, {
			"streams":	[{
					"socket":	6,
					"start":	10.000101,
					"end":	11.00007,
					"seconds":	0.9999690055847168,
					"bytes":	1225008,
					"bits_per_second":	9800367.75666818,
					"packets":	846,
					"omitted":	false,
					"sender":	true
				}],
			"sum":	{
				"start":	10.000101,
				"end":	11.00007,
				"seconds":	0.9999690055847168,
				"bytes":	1225008,
				"bits_per_second":	9800367.75666818,
				"packets":	846,
				"omitted":	false,
				"sender":	true
			}
		}, {
			"streams":	[{
					"socket":	6,
					"start":	11.00007,
					"end":	12.000073,
					"seconds":	1.0000029802322388,
					"bytes":	1225008,
					"bits_per_second":	9800034.7936203666,
					"packets":	846,
					"omitted":	false,
					"sender":	true
				}],
			"sum":	{
				"start":	11.00007,
				"end":	12.000073,
				"seconds":	1.0000029802322388,
				"bytes":	1225008,
				"bits_per_second":	9800034.7936203666,
				"packets":	846,
				"omitted":	false,
				"sender":	true
			}
		}, {
			"streams":	[{
					"socket":	6,
					"start":	12.000073,
					"end":	13.000083,
					"seconds":	1.0000100135803223,
					"bytes":	1225008,
					"bits_per_second":	9799965.8672546335,
					"packets":	846,
					"omitted":	false,
					"sender":	true
				}],
			"sum":	{
				"start":	12.000073,
				"end":	13.000083,
				"seconds":	1.0000100135803223,
				"bytes":	1225008,
				"bits_per_second":	9799965.8672546335,
				"packets":	846,
				"omitted":	false,
				"sender":	true
			}
		}, {
			"streams":	[{
					"socket":	6,
					"start":	13.000083,
					"end":	14.000068,
					"seconds":	0.9999849796295166,
					"bytes":	1225008,
					"bits_per_second":	9800211.20280308,
					"packets":	846,
					"omitted":	false,
					"sender":	true
				}],
			"sum":	{
				"start":	13.000083,
				"end":	14.000068,
				"seconds":	0.9999849796295166,
				"bytes":	1225008,
				"bits_per_second":	9800211.20280308,
				"packets":	846,
				"omitted":	false,
				"sender":	true
			}
		}, {
			"streams":	[{
					"socket":	6,
					"start":	14.000068,
					"end":	15.000073,
					"seconds":	1.0000050067901611,
					"bytes":	1156952,
					"bits_per_second":	9255569.6593048945,
					"packets":	799,
					"omitted":	false,
					"sender":	true
				}],
			"sum":	{
				"start":	14.000068,
				"end":	15.000073,