{
	"start":	{
		"connected":	[{
				"socket":	6,
				"local_host":	"10.0.0.1",
				"local_port":	34122,
				"remote_host":	"10.0.0.2",
				"remote_port":	5203
			}],
		"version":	"iperf 3.16",
		"system_info":	"Linux DESKTOP-1SICFSU 6.6.87.2-microsoft-standard-WSL2+ #1 SMP PREEMPT_DYNAMIC Sat Nov  8 16:12:55 CET 2025 x86_64",
		"timestamp":	{
			"time":	"Sun, 09 Nov 2025 11:51:35 GMT",
			"timesecs":	1762689095
		},
		"connecting_to":	{
			"host":	"10.0.0.2",
			"port":	5203
		},
		"cookie":	"gijpvlzsulwtf7pn4rpn43cplyxxca2k5wqz",
		"target_bitrate":	50000000,
		"fq_rate":	0,
		"sock_bufsize":	0,
		"sndbuf_actual":	212992,
		"rcvbuf_actual":	212992,
		"test_start":	{
			"protocol":	"UDP",
			"num_streams":	1,
			"blksize":	1448,
			"omit":	0,
			"duration":	30,
			"bytes":	0,
			"blocks":	0,
			"reverse":	0,
			"tos":	0,
			"target_bitrate":	50000000,
			"bidir":	0,
			"fqrate":	0
		}
	},
	"intervals":	[{
			"streams":	[{
					"socket":	6,
					"start":	0,
					"end":	1.00007,
					"seconds":	1.0000699758529663,
					"bytes":	1362568,
					"bits_per_second":	10899781.27850789,
					"packets":	942,
					"omitted":	false,
					"sender":	true
				}],
			"sum":	{
				"start":	0,
				"end":	1.00007,
				"seconds":	1.0000699758529663,
				"bytes":	1362568,
				"bits_per_second":	10899781.27850789,
				"packets":	942,
				"omitted":	false,
				"sender":	true
			}
		}, {
			"streams":	[{
					"socket":	6,
					"start":	1.00007,
					"end":	2.000069,
					"seconds":	0.99999898672103882,
					"bytes":	1225008,
					"bits_per_second":	9800073.93020873,
					"packets":	846,
					"omitted":	false,
					"sender":	true
				}],
			"sum":	{
				"start":	1.00007,
				"end":	2.000069,
				"seconds":	0.99999898672103882,
				"bytes":	1225008,
				"bits_per_second":	9800073.93020873,
				"packets":	846,
				"omitted":	false,
				"sender":	true
			}
		}, {
			"streams":	[{
					"socket":	6,
					"start":	2.000069,
					"end":	3.00007,
					"seconds":	1.0000009536743164,
					"bytes":	1156952,
					"bits_per_second":	9255607.1731651556,
					"packets":	799,
					"omitted":	false,
					"sender":	true
				}],
			"sum":	{
				"start":	2.000069,
				"end":	3.00007,
				"seconds":	1.0000009536743164,
				"bytes":	1156952,
				"bits_per_second":	9255607.1731651556,
				"packets":	799,
				"omitted":	false,
				"sender":	true
			}
		}, {
			"streams":	[{
					"socket":	6,
					"start":	3.00007,
					"end":	4.00007,
					"seconds":	1,
					"bytes":	1225008,
					"bits_per_second":	9800064,
					"packets":	846,
					"omitted":	false,
					"sender":	true
				}],
			"sum":	{
				"start":	3.00007,
				"end":	4.00007,
				"seconds":	1,
				"bytes":	1225008,
				"bits_per_second":	9800064,
				"packets":	846,
				"omitted":	false,
				"sender":	true
			}
		}, {
			"streams":	[{
					"socket":	6,
					"start":	4.00007,
					"end":	5.000079,
					"seconds":	1.0000089406967163,
					"bytes":	1225008,
					"bits_per_second":	9799976.3813833464,
					"packets":	846,
					"omitted":	false,
					"sender":	true
				}],
			"sum":	{
				"start":	4.00007,
				"end":	5.000079,
				"seconds":	1.0000089406967163,
				"bytes":	1225008,
				"bits_per_second":	9799976.3813833464,
				"packets":	846,
				"omitted":	false,
				"sender":	true
			}
		}, {
			"streams":	[{
					"socket":	6,
					"start":	5.000079,
					"end":	6.000074,
					"seconds":	0.999994993209839,
					"bytes":	1225008,
					"bits_per_second":	9800113.06710968,
					"packets":	846,
					"omitted":	false,
					"sender":	true
				}],
			"sum":	{
				"start":	5.000079,
				"end":	6.000074,
				"seconds":	0.999994993209839,
				"bytes":	1225008,
				"bits_per_second":	9800113.06710968,
				"packets":	846,
				"omitted":	false,
				"sender":	true
			}
		}, {
			"streams":	[{
					"socket":	6,
					"start":	6.000074,
					"end":	7.000071,
					"seconds":	0.99999701976776123,
					"bytes":	1225008,
					"bits_per_second":	9800093.2065537162,
					"packets":	846,
					"omitted":	false,
					"sender":	true
				}],
			"sum":	{
				"start":	6.000074,
				"end":	7.000071,
				"seconds":	0.99999701976776123,
				"bytes":	1225008,
				"bits_per_second":	9800093.2065537162,
				"packets":	846,
				"omitted":	false,
				"sender":	true
			}
		}, {
			"streams":	[{
					"socket":	6,
					"start":	7.000071,
					"end":	8.000102,
					"seconds":	1.0000309944152832,
					"bytes":	1225008,
					"bits_per_second":	9799760.26216076,
					"packets":	846,
					"omitted":	false,
					"sender":	true
				}],
			"sum":	{
				"start":	7.000071,
				"end":	8.000102,
				"seconds":	1.0000309944152832,
				"bytes":	1225008,
				"bits_per_second":	9799760.26216076,
				"packets":	846,
				"omitted":	false,
				"sender":	true
			}
		}, {
			"streams":	[{
					"socket":	6,
					"start":	8.000102,
					"end":	9.000114,
					"seconds":	1.0000120401382446,
					"bytes":	1156952,
					"bits_per_second":	9255504.5624455437,
					"packets":	799,
					"omitted":	false,
					"sender":	true
				}],
			"sum":	{
				"start":	8.000102,
				"end":	9.000114,
				"seconds":	1.0000120401382446,
				"bytes":	1156952,
				"bits_per_second":	9255504.5624455437,
				"packets":	799,
				"omitted":	false,
				"sender":	true
			}
		}, {
			"streams":	[{
					"socket":	6,
					"start":	9.000114,
					"end":	10.000106,
					"seconds":	0.9999920129776,
					"bytes":	1225008,
					"bits_per_second":	9800142.2739558648,
					"packets":	846,
					"omitted":	false,
					"sender":	true
				}],
			"sum":	{
				"start":	9.000114,
				"end":	10.000106,
				"seconds":	0.9999920129776,
				"bytes":	1225008,
				"bits_per_second":	9800142.2739558648,
				"packets":	846,
				"omitted":	false,
				"sender":	true
			}
		}, {
			"streams":	[{
					"socket":	6,
					"start":	10.000106,
					"end":	11.000068,
					"seconds":	0.9999619722366333,
					"bytes":	1226456,
					"bits_per_second":	9812021.12921765,
					"packets":	847,
					"omitted":	false,
					"sender":	true
				}],
			"sum":	{
				"start":	10.000106,
				"end":	11.000068,
				"seconds":	0.9999619722366333,
				"bytes":	1226456,
				"bits_per_second":	9812021.12921765,
				"packets":	847,
				"omitted":	false,
				"sender":	true
			}
		}, {
			"streams":	[{
					"socket":	6,
					"start":	11.000068,
					"end":	12.000079,
					"seconds":	1.0000109672546387,
					"bytes":	1225008,
					"bits_per_second":	9799956.52138138,
					"packets":	846,
					"omitted":	false,
					"sender":	true
				}],
			"sum":	{
				"start":	11.000068,
				"end":	12.000079,
				"seconds":	1.0000109672546387,
				"bytes":	1225008,
				"bits_per_second":	9799956.52138138,
				"packets":	846,
				"omitted":	false,
				"sender":	true
			}
		}, {
			"streams":	[{
					"socket":	6,
					"start":	12.000079,
					"end":	13.000074,
					"seconds":	0.999994993209839,
					"bytes":	1225008,
					"bits_per_second":	9800113.06710968,
					"packets":	846,
					"omitted":	false,
					"sender":	true
				}],
			"sum":	{
				"start":	12.000079,
				"end":	13.000074,
				"seconds":	0.999994993209839,
				"bytes":	1225008,
				"bits_per_second":	9800113.06710968,
				"packets":	846,
				"omitted":	false,
				"sender":	true
			}
		}, {
			"streams":	[{
					"socket":	6,
					"start":	13.000074,
					"end":	14.000107,
					"seconds":	1.0000330209732056,
					"bytes":	1225008,
					"bits_per_second":	9799740.40303473,
					"packets":	846,
					"omitted":	false,
					"sender":	true
				}],
			"sum":	{
				"start":	13.000074,
				"end":	14.000107,
				"seconds":	1.0000330209732056,
				"bytes":	1225008,
				"bits_per_second":	9799740.40303473,
				"packets":	846,
				"omitted":	false,
				"sender":	true
			}
		}, {
			"streams":	[{
					"socket":	6,
					"start":	14.000107,
					"end":	15.000069,
					"seconds":	0.9999619722366333,
					"bytes":	1156952,
					"bits_per_second":	9255967.9837602153,
					"packets":	799,
					"omitted":	false,
					"sender":	true
				}],
			"sum":	{
				"start":	14.000107,
				"end":	15.000069,
				"seconds":	0.9999619722366333,
				"bytes":	1156952,