{
	"start":	{
		"connected":	[{
				"socket":	6,
				"local_host":	"10.0.0.1",
				"local_port":	42148,
				"remote_host":	"10.0.0.2",
				"remote_port":	5203
			}],
		"version":	"iperf 3.16",
		"system_info":	"Linux DESKTOP-1SICFSU 6.6.87.2-microsoft-standard-WSL2+ #1 SMP PREEMPT_DYNAMIC Sat Nov  8 16:12:55 CET 2025 x86_64",
		"timestamp":	{
			"time":	"Sun, 09 Nov 2025 11:48:16 GMT",
			"timesecs":	1762688896
		},
		"connecting_to":	{
			"host":	"10.0.0.2",
			"port":	5203
		},
		"cookie":	"g3daqveb3j2hj4xbslpw7j53yipcopfxuxg5",
		"target_bitrate":	50000000,
		"fq_rate":	0,
		"sock_bufsize":	0,
		"sndbuf_actual":	212992,
		"rcvbuf_actual":	212992,
		"test_start":	{
			"protocol":	"UDP",
			"num_streams":	1,
			"blksize":	1448,
			"omit":	0,
			"duration":	30,
			"bytes":	0,
			"blocks":	0,
			"reverse":	0,
			"tos":	0,
			"target_bitrate":	50000000,
			"bidir":	0,
			"fqrate":	0
		}
	},
	"intervals":	[{
			"streams":	[{
					"socket":	6,
					"start":	0,
					"end":	1.000068,
					"seconds":	1.0000679492950439,
					"bytes":	1362568,
					"bits_per_second":	10899803.36604516,
					"packets":	942,
					"omitted":	false,
					"sender":	true
				}],
			"sum":	{
				"start":	0,
				"end":	1.000068,
				"seconds":	1.0000679492950439,
				"bytes":	1362568,
				"bits_per_second":	10899803.36604516,
				"packets":	942,
				"omitted":	false,
				"sender":	true
			}
		}, {
			"streams":	[{
					"socket":	6,
					"start":	1.000068,
					"end":	2.000204,
					"seconds":	1.0001360177993774,
					"bytes":	1225008,
					"bits_per_second":	9798731.19814574,
					"packets":	846,
					"omitted":	false,
					"sender":	true
				}],
			"sum":	{
				"start":	1.000068,
				"end":	2.000204,
				"seconds":	1.0001360177993774,
				"bytes":	1225008,
				"bits_per_second":	9798731.19814574,
				"packets":	846,
				"omitted":	false,
				"sender":	true
			}
		}, {
			"streams":	[{
					"socket":	6,
					"start":	2.000204,
					"end":	3.00009,
					"seconds":	0.99988597631454468,
					"bytes":	1156952,
					"bits_per_second":	9256671.4797971752,
					"packets":	799,
					"omitted":	false,
					"sender":	true
				}],
			"sum":	{
				"start":	2.000204,
				"end":	3.00009,
				"seconds":	0.99988597631454468,
				"bytes":	1156952,
				"bits_per_second":	9256671.4797971752,
				"packets":	799,
				"omitted":	false,
				"sender":	true
			}
		}, {
			"streams":	[{
					"socket":	6,
					"start":	3.00009,
					"end":	4.000066,
					"seconds":	0.99997597932815552,
					"bytes":	1225008,
					"bits_per_second":	9800299.4097761,
					"packets":	846,
					"omitted":	false,
					"sender":	true
				}],
			"sum":	{
				"start":	3.00009,
				"end":	4.000066,
				"seconds":	0.99997597932815552,
				"bytes":	1225008,
				"bits_per_second":	9800299.4097761,
				"packets":	846,
				"omitted":	false,
				"sender":	true
			}
		}, {
			"streams":	[{
					"socket":	6,
					"start":	4.000066,
					"end":	5.000106,
					"seconds":	1.0000400543212891,
					"bytes":	1227904,
					"bits_per_second":	9822838.55286863,
					"packets":	848,
					"omitted":	false,
					"sender":	true
				}],
			"sum":	{
				"start":	4.000066,
				"end":	5.000106,
				"seconds":	1.0000400543212891,
				"bytes":	1227904,
				"bits_per_second":	9822838.55286863,
				"packets":	848,
				"omitted":	false,
				"sender":	true
			}
		}, {
			"streams":	[{
					"socket":	6,
					"start":	5.000106,
					"end":	6.000049,
					"seconds":	0.99994301795959473,
					"bytes":	1225008,
					"bits_per_second":	9800622.45946498,
					"packets":	846,
					"omitted":	false,
					"sender":	true
				}],
			"sum":	{
				"start":	5.000106,
				"end":	6.000049,
				"seconds":	0.99994301795959473,
				"bytes":	1225008,
				"bits_per_second":	9800622.45946498,
				"packets":	846,
				"omitted":	false,
				"sender":	true
			}
		}, {
			"streams":	[{
					"socket":	6,
					"start":	6.000049,
					"end":	7.000018,
					"seconds":	0.9999690055847168,
					"bytes":	1225008,
					"bits_per_second":	9800367.75666818,
					"packets":	846,
					"omitted":	false,
					"sender":	true
				}],
			"sum":	{
				"start":	6.000049,
				"end":	7.000018,
				"seconds":	0.9999690055847168,
				"bytes":	1225008,
				"bits_per_second":	9800367.75666818,
				"packets":	846,
				"omitted":	false,
				"sender":	true
			}
		}, {
			"streams":	[{
					"socket":	6,
					"start":	7.000018,
					"end":	8.000212,
					"seconds":	1.0001939535140991,
					"bytes":	1225008,
					"bits_per_second":	9798163.6117357854,
					"packets":	846,
					"omitted":	false,
					"sender":	true
				}],
			"sum":	{
				"start":	7.000018,
				"end":	8.000212,
				"seconds":	1.0001939535140991,
				"bytes":	1225008,
				"bits_per_second":	9798163.6117357854,
				"packets":	846,
				"omitted":	false,
				"sender":	true
			}
		}, {
			"streams":	[{
					"socket":	6,
					"start":	8.000212,
					"end":	9.000068,
					"seconds":	0.99985599517822266,
					"bytes":	1156952,
					"bits_per_second":	9256949.04529747,
					"packets":	799,
					"omitted":	false,
					"sender":	true
				}],
			"sum":	{
				"start":	8.000212,
				"end":	9.000068,
				"seconds":	0.99985599517822266,
				"bytes":	1156952,
				"bits_per_second":	9256949.04529747,
				"packets":	799,
				"omitted":	false,
				"sender":	true
			}
		}, {
			"streams":	[{
					"socket":	6,
					"start":	9.000068,
					"end":	10.000074,
					"seconds":	1.0000059604644775,
					"bytes":	1225008,
					"bits_per_second":	9800005.587414816,
					"packets":	846,
					"omitted":	false,
					"sender":	true
				}],
			"sum":	{
				"start":	9.000068,
				"end":	10.000074,
				"seconds":	1.0000059604644775,
				"bytes":	1225008,
				"bits_per_second":	9800005.587414816,
				"packets":	846,
				"omitted":	false,
				"sender":	true
			}
		}, {
			"streams":	[{
					"socket":	6,
					"start":	10.000074,
					"end":	11.000196,
					"seconds":	1.0001219511032104,
					"bytes":	1225008,
					"bits_per_second":	9798869.01711315,
					"packets":	846,
					"omitted":	false,
					"sender":	true
				}],
			"sum":	{
				"start":	10.000074,
				"end":	11.000196,
				"seconds":	1.0001219511032104,
				"bytes":	1225008,
				"bits_per_second":	9798869.01711315,
				"packets":	846,
				"omitted":	false,
				"sender":	true
			}
		}, {
			"streams":	[{
					"socket":	6,
					"start":	11.000196,
					"end":	12.000016,
					"seconds":	0.99981999397277832,
					"bytes":	1225008,
					"bits_per_second":	9801828.3881876655,
					"packets":	846,
					"omitted":	false,
					"sender":	true
				}],
			"sum":	{
				"start":	11.000196,
				"end":	12.000016,
				"seconds":	0.99981999397277832,
				"bytes":	1225008,
				"bits_per_second":	9801828.3881876655,
				"packets":	846,
				"omitted":	false,
				"sender":	true
			}
		}, {
			"streams":	[{
					"socket":	6,
					"start":	12.000016,
					"end":	13.000177,
					"seconds":	1.0001610517501831,
					"bytes":	1225008,
					"bits_per_second":	9798485.93669075,
					"packets":	846,
					"omitted":	false,
					"sender":	true
				}],
			"sum":	{
				"start":	12.000016,
				"end":	13.000177,
				"seconds":	1.0001610517501831,
				"bytes":	1225008,
				"bits_per_second":	9798485.93669075,
				"packets":	846,
				"omitted":	false,
				"sender":	true
			}
		}, {
			"streams":	[{
					"socket":	6,
					"start":	13.000177,
					"end":	14.000181,
					"seconds":	1.0000040531158447,
					"bytes":	1225008,
					"bits_per_second":	9800024.2793663144,
					"packets":	846,
					"omitted":	false,
					"sender":	true
				}],
			"sum":	{
				"start":	13.000177,
				"end":	14.000181,
				"seconds":	1.0000040531158447,
				"bytes":	1225008,
				"bits_per_second":	9800024.2793663144,
				"packets":	846,
				"omitted":	false,
				"sender":	true
			}
		}, {
			"streams":	[{
					"socket":	6,
					"start":	14.000181,
					"end":	15.000066,
					"seconds":	0.99988502264022827,
					"bytes":	1156952,
					"bits_per_second":	9256680.30866214,
					"packets":	799,
					"omitted":	false,
					"sender":	true
				}],
			"sum":	{
				"start":	14.000181,
				"end":	15.000066,