{
	"start":	{
		"connected":	[{
				"socket":	6,
				"local_host":	"10.0.0.1",
				"local_port":	60130,
				"remote_host":	"10.0.0.2",
				"remote_port":	5203
			}],
		"version":	"iperf 3.16",
		"system_info":	"Linux DESKTOP-1SICFSU 6.6.87.2-microsoft-standard-WSL2+ #1 SMP PREEMPT_DYNAMIC Sat Nov  8 16:12:55 CET 2025 x86_64",
		"timestamp":	{
			"time":	"Sun, 09 Nov 2025 11:42:16 GMT",
			"timesecs":	1762688536
		},
		"connecting_to":	{
			"host":	"10.0.0.2",
			"port":	5203
		},
		"cookie":	"dnhuvhrhnvmmneu5s3oezcm4y4clwfrhngj5",
		"target_bitrate":	50000000,
		"fq_rate":	0,
		"sock_bufsize":	0,
		"sndbuf_actual":	212992,
		"rcvbuf_actual":	212992,
		"test_start":	{
			"protocol":	"UDP",
			"num_streams":	1,
			"blksize":	1448,
			"omit":	0,
			"duration":	30,
			"bytes":	0,
			"blocks":	0,
			"reverse":	0,
			"tos":	0,
			"target_bitrate":	50000000,
			"bidir":	0,
			"fqrate":	0
		}
	},
	"intervals":	[{
			"streams":	[{
					"socket":	6,
					"start":	0,
					"end":	1.000091,
					"seconds":	1.0000909566879272,
					"bytes":	1365464,
					"bits_per_second":	10922718.505701561,
					"packets":	944,
					"omitted":	false,
					"sender":	true
				}],
			"sum":	{
				"start":	0,
				"end":	1.000091,
				"seconds":	1.0000909566879272,
				"bytes":	1365464,
				"bits_per_second":	10922718.505701561,
				"packets":	944,
				"omitted":	false,
				"sender":	true
			}
		}, {
			"streams":	[{
					"socket":	6,
					"start":	1.000091,
					"end":	2.000092,
					"seconds":	1.0000009536743164,
					"bytes":	1225008,
					"bits_per_second":	9800054.6539395768,
					"packets":	846,
					"omitted":	false,
					"sender":	true
				}],
			"sum":	{
				"start":	1.000091,
				"end":	2.000092,
				"seconds":	1.0000009536743164,
				"bytes":	1225008,
				"bits_per_second":	9800054.6539395768,
				"packets":	846,
				"omitted":	false,
				"sender":	true
			}
		}, {
			"streams":	[{
					"socket":	6,
					"start":	2.000092,
					"end":	3.000092,
					"seconds":	1,
					"bytes":	1156952,
					"bits_per_second":	9255616,
					"packets":	799,
					"omitted":	false,
					"sender":	true
				}],
			"sum":	{
				"start":	2.000092,
				"end":	3.000092,
				"seconds":	1,
				"bytes":	1156952,
				"bits_per_second":	9255616,
				"packets":	799,
				"omitted":	false,
				"sender":	true
			}
		}, {
			"streams":	[{
					"socket":	6,
					"start":	3.000092,
					"end":	4.000122,
					"seconds":	1.0000300407409668,
					"bytes":	1225008,
					"bits_per_second":	9799769.60765968,
					"packets":	846,
					"omitted":	false,
					"sender":	true
				}],
			"sum":	{
				"start":	3.000092,
				"end":	4.000122,
				"seconds":	1.0000300407409668,
				"bytes":	1225008,
				"bits_per_second":	9799769.60765968,
				"packets":	846,
				"omitted":	false,
				"sender":	true
			}
		}, {
			"streams":	[{
					"socket":	6,
					"start":	4.000122,
					"end":	5.000097,
					"seconds":	0.999975025653839,
					"bytes":	1225008,
					"bits_per_second":	9800308.7563033644,
					"packets":	846,
					"omitted":	false,
					"sender":	true
				}],
			"sum":	{
				"start":	4.000122,
				"end":	5.000097,
				"seconds":	0.999975025653839,
				"bytes":	1225008,
				"bits_per_second":	9800308.7563033644,
				"packets":	846,
				"omitted":	false,
				"sender":	true
			}
		}, {
			"streams":	[{
					"socket":	6,
					"start":	5.000097,
					"end":	6.000095,
					"seconds":	0.99999797344207764,
					"bytes":	1225008,
					"bits_per_second":	9800083.8604375869,
					"packets":	846,
					"omitted":	false,
					"sender":	true
				}],
			"sum":	{
				"start":	5.000097,
				"end":	6.000095,
				"seconds":	0.99999797344207764,
				"bytes":	1225008,
				"bits_per_second":	9800083.8604375869,
				"packets":	846,
				"omitted":	false,
				"sender":	true
			}
		}, {
			"streams":	[{
					"socket":	6,
					"start":	6.000095,
					"end":	7.000082,
					"seconds":	0.999987006187439,
					"bytes":	1225008,
					"bits_per_second":	9800191.34184936,
					"packets":	846,
					"omitted":	false,
					"sender":	true
				}],
			"sum":	{
				"start":	6.000095,
				"end":	7.000082,
				"seconds":	0.999987006187439,
				"bytes":	1225008,
				"bits_per_second":	9800191.34184936,
				"packets":	846,
				"omitted":	false,
				"sender":	true
			}
		}, {
			"streams":	[{
					"socket":	6,
					"start":	7.000082,
					"end":	8.000085,
					"seconds":	1.0000029802322388,
					"bytes":	1225008,
					"bits_per_second":	9800034.7936203666,
					"packets":	846,
					"omitted":	false,
					"sender":	true
				}],
			"sum":	{
				"start":	7.000082,
				"end":	8.000085,
				"seconds":	1.0000029802322388,
				"bytes":	1225008,
				"bits_per_second":	9800034.7936203666,
				"packets":	846,
				"omitted":	false,
				"sender":	true
			}
		}, {
			"streams":	[{
					"socket":	6,
					"start":	8.000085,
					"end":	9.000081,
					"seconds":	0.9999960064888,
					"bytes":	1156952,
					"bits_per_second":	9255652.96255377,
					"packets":	799,
					"omitted":	false,
					"sender":	true
				}],
			"sum":	{
				"start":	8.000085,
				"end":	9.000081,
				"seconds":	0.9999960064888,
				"bytes":	1156952,
				"bits_per_second":	9255652.96255377,
				"packets":	799,
				"omitted":	false,
				"sender":	true
			}
		}, {
			"streams":	[{
					"socket":	6,
					"start":	9.000081,
					"end":	10.00011,
					"seconds":	1.0000289678573608,
					"bytes":	1225008,
					"bits_per_second":	9799780.1213672757,
					"packets":	846,
					"omitted":	false,
					"sender":	true
				}],
			"sum":	{
				"start":	9.000081,
				"end":	10.00011,
				"seconds":	1.0000289678573608,
				"bytes":	1225008,
				"bits_per_second":	9799780.1213672757,
				"packets":	846,
				"omitted":	false,
				"sender":	true
			}
		}, {
			"streams":	[{
					"socket":	6,
					"start":	10.00011,
					"end":	11.000101,
					"seconds":	0.999990999698639,
					"bytes":	1225008,
					"bits_per_second":	9800152.2043232229,
					"packets":	846,
					"omitted":	false,
					"sender":	true
				}],
			"sum":	{
				"start":	10.00011,
				"end":	11.000101,
				"seconds":	0.999990999698639,
				"bytes":	1225008,
				"bits_per_second":	9800152.2043232229,
				"packets":	846,
				"omitted":	false,
				"sender":	true
			}
		}, {
			"streams":	[{
					"socket":	6,
					"start":	11.000101,
					"end":	12.000111,
					"seconds":	1.0000100135803223,
					"bytes":	1225008,
					"bits_per_second":	9799965.8672546335,
					"packets":	846,
					"omitted":	false,
					"sender":	true
				}],
			"sum":	{
				"start":	11.000101,
				"end":	12.000111,
				"seconds":	1.0000100135803223,
				"bytes":	1225008,
				"bits_per_second":	9799965.8672546335,
				"packets":	846,
				"omitted":	false,
				"sender":	true
			}
		}, {
			"streams":	[{
					"socket":	6,
					"start":	12.000111,
					"end":	13.000111,
					"seconds":	1,
					"bytes":	1225008,
					"bits_per_second":	9800064,
					"packets":	846,
					"omitted":	false,
					"sender":	true
				}],
			"sum":	{
				"start":	12.000111,
				"end":	13.000111,
				"seconds":	1,
				"bytes":	1225008,
				"bits_per_second":	9800064,
				"packets":	846,
				"omitted":	false,
				"sender":	true
			}
		}, {
			"streams":	[{
					"socket":	6,
					"start":	13.000111,
					"end":	14.000096,
					"seconds":	0.9999849796295166,
					"bytes":	1225008,
					"bits_per_second":	9800211.20280308,
					"packets":	846,
					"omitted":	false,
					"sender":	true
				}],
			"sum":	{
				"start":	13.000111,
				"end":	14.000096,
				"seconds":	0.9999849796295166,
				"bytes":	1225008,
				"bits_per_second":	9800211.20280308,
				"packets":	846,
				"omitted":	false,
				"sender":	true
			}
		}, {
			"streams":	[{
					"socket":	6,
					"start":	14.000096,
					"end":	15.000098,
					"seconds":	1.0000020265579224,
					"bytes":	1156952,
					"bits_per_second":	9255597.24299608,
					"packets":	799,
					"omitted":	false,
					"sender":	true
				}],
			"sum":	{
				"start":	14.000096,
				"end":	15.000098,
				"seconds":	1.0000020265579224,
				"bytes":	1156952,
				"bits_per_second":	9255597.24299608,