{
	"start":	{
		"connected":	[{
				"socket":	6,
				"local_host":	"10.0.0.1",
				"local_port":	51535,
				"remote_host":	"10.0.0.2",
				"remote_port":	5203
			}],
		"version":	"iperf 3.16",
		"system_info":	"Linux DESKTOP-1SICFSU 6.6.87.2-microsoft-standard-WSL2+ #1 SMP PREEMPT_DYNAMIC Sat Nov  8 16:12:55 CET 2025 x86_64",
		"timestamp":	{
			"time":	"Sun, 09 Nov 2025 11:42:55 GMT",
			"timesecs":	1762688575
		},
		"connecting_to":	{
			"host":	"10.0.0.2",
			"port":	5203
		},
		"cookie":	"g3kypcjy3roxgfwlpfdo2rlpfnxiiqwyklxr",
		"target_bitrate":	50000000,
		"fq_rate":	0,
		"sock_bufsize":	0,
		"sndbuf_actual":	212992,
		"rcvbuf_actual":	212992,
		"test_start":	{
			"protocol":	"UDP",
			"num_streams":	1,
			"blksize":	1448,
			"omit":	0,
			"duration":	30,
			"bytes":	0,
			"blocks":	0,
			"reverse":	0,
			"tos":	0,
			"target_bitrate":	50000000,
			"bidir":	0,
			"fqrate":	0
		}
	},
	"intervals":	[{
			"streams":	[{
					"socket":	6,
					"start":	0,
					"end":	1.000081,
					"seconds":	1.000080943107605,
					"bytes":	1362568,
					"bits_per_second":	10899661.747506313,
					"packets":	942,
					"omitted":	false,
					"sender":	true
				}],
			"sum":	{
				"start":	0,
				"end":	1.000081,
				"seconds":	1.000080943107605,
				"bytes":	1362568,
				"bits_per_second":	10899661.747506313,
				"packets":	942,
				"omitted":	false,
				"sender":	true
			}
		}, {
			"streams":	[{
					"socket":	6,
					"start":	1.000081,
					"end":	2.000105,
					"seconds":	1.0000239610672,
					"bytes":	1225008,
					"bits_per_second":	9799829.18563434,
					"packets":	846,
					"omitted":	false,
					"sender":	true
				}],
			"sum":	{
				"start":	1.000081,
				"end":	2.000105,
				"seconds":	1.0000239610672,
				"bytes":	1225008,
				"bits_per_second":	9799829.18563434,
				"packets":	846,
				"omitted":	false,
				"sender":	true
			}
		}, {
			"streams":	[{
					"socket":	6,
					"start":	2.000105,
					"end":	3.000113,
					"seconds":	1.0000079870224,
					"bytes":	1162744,
					"bits_per_second":	9301877.7056944035,
					"packets":	803,
					"omitted":	false,
					"sender":	true
				}],
			"sum":	{
				"start":	2.000105,
				"end":	3.000113,
				"seconds":	1.0000079870224,
				"bytes":	1162744,
				"bits_per_second":	9301877.7056944035,
				"packets":	803,
				"omitted":	false,
				"sender":	true
			}
		}, {
			"streams":	[{
					"socket":	6,
					"start":	3.000113,
					"end":	4.000111,
					"seconds":	0.99999797344207764,
					"bytes":	1225008,
					"bits_per_second":	9800083.8604375869,
					"packets":	846,
					"omitted":	false,
					"sender":	true
				}],
			"sum":	{
				"start":	3.000113,
				"end":	4.000111,
				"seconds":	0.99999797344207764,
				"bytes":	1225008,
				"bits_per_second":	9800083.8604375869,
				"packets":	846,
				"omitted":	false,
				"sender":	true
			}
		}, {
			"streams":	[{
					"socket":	6,
					"start":	4.000111,
					"end":	5.000101,
					"seconds":	0.99998998641967773,
					"bytes":	1225008,
					"bits_per_second":	9800162.1347107068,
					"packets":	846,
					"omitted":	false,
					"sender":	true
				}],
			"sum":	{
				"start":	4.000111,
				"end":	5.000101,
				"seconds":	0.99998998641967773,
				"bytes":	1225008,
				"bits_per_second":	9800162.1347107068,
				"packets":	846,
				"omitted":	false,
				"sender":	true
			}
		}, {
			"streams":	[{
					"socket":	6,
					"start":	5.000101,
					"end":	6.000128,
					"seconds":	1.0000269412994385,
					"bytes":	1225008,
					"bits_per_second":	9799799.9806542844,
					"packets":	846,
					"omitted":	false,
					"sender":	true
				}],
			"sum":	{
				"start":	5.000101,
				"end":	6.000128,
				"seconds":	1.0000269412994385,
				"bytes":	1225008,
				"bits_per_second":	9799799.9806542844,
				"packets":	846,
				"omitted":	false,
				"sender":	true
			}
		}, {
			"streams":	[{
					"socket":	6,
					"start":	6.000128,
					"end":	7.000089,
					"seconds":	0.999961018562317,
					"bytes":	1225008,
					"bits_per_second":	9800446.0354764,
					"packets":	846,
					"omitted":	false,
					"sender":	true
				}],
			"sum":	{
				"start":	6.000128,
				"end":	7.000089,
				"seconds":	0.999961018562317,
				"bytes":	1225008,
				"bits_per_second":	9800446.0354764,
				"packets":	846,
				"omitted":	false,
				"sender":	true
			}
		}, {
			"streams":	[{
					"socket":	6,
					"start":	7.000089,
					"end":	8.000098,
					"seconds":	1.0000089406967163,
					"bytes":	1225008,
					"bits_per_second":	9799976.3813833464,
					"packets":	846,
					"omitted":	false,
					"sender":	true
				}],
			"sum":	{
				"start":	7.000089,
				"end":	8.000098,
				"seconds":	1.0000089406967163,
				"bytes":	1225008,
				"bits_per_second":	9799976.3813833464,
				"packets":	846,
				"omitted":	false,
				"sender":	true
			}
		}, {
			"streams":	[{
					"socket":	6,
					"start":	8.000098,
					"end":	9.000073,
					"seconds":	0.999975025653839,
					"bytes":	1156952,
					"bits_per_second":	9255847.1587309539,
					"packets":	799,
					"omitted":	false,
					"sender":	true
				}],
			"sum":	{
				"start":	8.000098,
				"end":	9.000073,
				"seconds":	0.999975025653839,
				"bytes":	1156952,
				"bits_per_second":	9255847.1587309539,
				"packets":	799,
				"omitted":	false,
				"sender":	true
			}
		}, {
			"streams":	[{
					"socket":	6,
					"start":	9.000073,
					"end":	10.000226,
					"seconds":	1.0001529455184937,
					"bytes":	1225008,
					"bits_per_second":	9798565.35334154,
					"packets":	846,
					"omitted":	false,
					"sender":	true
				}],
			"sum":	{
				"start":	9.000073,
				"end":	10.000226,
				"seconds":	1.0001529455184937,
				"bytes":	1225008,
				"bits_per_second":	9798565.35334154,
				"packets":	846,
				"omitted":	false,
				"sender":	true
			}
		}, {
			"streams":	[{
					"socket":	6,
					"start":	10.000226,
					"end":	11.000082,
					"seconds":	0.99985599517822266,
					"bytes":	1225008,
					"bits_per_second":	9801475.45972673,
					"packets":	846,
					"omitted":	false,
					"sender":	true
				}],
			"sum":	{
				"start":	10.000226,
				"end":	11.000082,
				"seconds":	0.99985599517822266,
				"bytes":	1225008,
				"bits_per_second":	9801475.45972673,
				"packets":	846,
				"omitted":	false,
				"sender":	true
			}
		}, {
			"streams":	[{
					"socket":	6,
					"start":	11.000082,
					"end":	12.00004,
					"seconds":	0.99995797872543335,
					"bytes":	1225008,
					"bits_per_second":	9800475.8284856733,
					"packets":	846,
					"omitted":	false,
					"sender":	true
				}],
			"sum":	{
				"start":	11.000082,
				"end":	12.00004,
				"seconds":	0.99995797872543335,
				"bytes":	1225008,
				"bits_per_second":	9800475.8284856733,
				"packets":	846,
				"omitted":	false,
				"sender":	true
			}
		}, {
			"streams":	[{
					"socket":	6,
					"start":	12.00004,
					"end":	13.000081,
					"seconds":	1.0000410079956055,
					"bytes":	1225008,
					"bits_per_second":	9799662.13549821,
					"packets":	846,
					"omitted":	false,
					"sender":	true
				}],
			"sum":	{
				"start":	12.00004,
				"end":	13.000081,
				"seconds":	1.0000410079956055,
				"bytes":	1225008,
				"bits_per_second":	9799662.13549821,
				"packets":	846,
				"omitted":	false,
				"sender":	true
			}
		}, {
			"streams":	[{
					"socket":	6,
					"start":	13.000081,
					"end":	14.000088,
					"seconds":	1.0000070333480835,
					"bytes":	1225008,
					"bits_per_second":	9799995.0732234344,
					"packets":	846,
					"omitted":	false,
					"sender":	true
				}],
			"sum":	{
				"start":	13.000081,
				"end":	14.000088,
				"seconds":	1.0000070333480835,
				"bytes":	1225008,
				"bits_per_second":	9799995.0732234344,
				"packets":	846,
				"omitted":	false,
				"sender":	true
			}
		}, {
			"streams":	[{
					"socket":	6,
					"start":	14.000088,
					"end":	15.000097,
					"seconds":	1.0000089406967163,
					"bytes":	1156952,
					"bits_per_second":	9255533.24908427,
					"packets":	799,
					"omitted":	false,
					"sender":	true
				}],
			"sum":	{
				"start":	14.000088,
				"end":	15.000097,