{
	"start":	{
		"connected":	[{
				"socket":	6,
				"local_host":	"10.0.0.1",
				"local_port":	59929,
				"remote_host":	"10.0.0.2",
				"remote_port":	5202
			}],
		"version":	"iperf 3.16",
		"system_info":	"Linux DESKTOP-1SICFSU 6.6.87.2-microsoft-standard-WSL2+ #1 SMP PREEMPT_DYNAMIC Sat Nov  8 16:12:55 CET 2025 x86_64",
		"timestamp":	{
			"time":	"Sun, 09 Nov 2025 10:12:42 GMT",
			"timesecs":	1762683162
		},
		"connecting_to":	{
			"host":	"10.0.0.2",
			"port":	5202
		},
		"cookie":	"hjctctxz26blfxau64wp6aq2bngw3jcolx2d",
		"target_bitrate":	40000000,
		"fq_rate":	0,
		"sock_bufsize":	0,
		"sndbuf_actual":	212992,
		"rcvbuf_actual":	212992,
		"test_start":	{
			"protocol":	"UDP",
			"num_streams":	1,
			"blksize":	1448,
			"omit":	0,
			"duration":	30,
			"bytes":	0,
			"blocks":	0,
			"reverse":	0,
			"tos":	104,
			"target_bitrate":	40000000,
			"bidir":	0,
			"fqrate":	0
		}
	},
	"intervals":	[{
			"streams":	[{
					"socket":	6,
					"start":	0,
					"end":	1.000071,
					"seconds":	1.0000710487365723,
					"bytes":	4995600,
					"bits_per_second":	39961960.753177539,
					"packets":	3450,
					"omitted":	false,
					"sender":	true
				}],
			"sum":	{
				"start":	0,
				"end":	1.000071,
				"seconds":	1.0000710487365723,
				"bytes":	4995600,
				"bits_per_second":	39961960.753177539,
				"packets":	3450,
				"omitted":	false,
				"sender":	true
			}
		}, {
			"streams":	[{
					"socket":	6,
					"start":	1.000071,
					"end":	2.000089,
					"seconds":	1.0000180006027222,
					"bytes":	4999944,
					"bits_per_second":	39998831.996915869,
					"packets":	3453,
					"omitted":	false,
					"sender":	true
				}],
			"sum":	{
				"start":	1.000071,
				"end":	2.000089,
				"seconds":	1.0000180006027222,
				"bytes":	4999944,
				"bits_per_second":	39998831.996915869,
				"packets":	3453,
				"omitted":	false,
				"sender":	true
			}
		}, {
			"streams":	[{
					"socket":	6,
					"start":	2.000089,
					"end":	3.000085,
					"seconds":	0.9999960064888,
					"bytes":	5001392,
					"bits_per_second":	40011295.785557844,
					"packets":	3454,
					"omitted":	false,
					"sender":	true
				}],
			"sum":	{
				"start":	2.000089,
				"end":	3.000085,
				"seconds":	0.9999960064888,
				"bytes":	5001392,
				"bits_per_second":	40011295.785557844,
				"packets":	3454,
				"omitted":	false,
				"sender":	true
			}
		}, {
			"streams":	[{
					"socket":	6,
					"start":	3.000085,
					"end":	4.000078,
					"seconds":	0.99999302625656128,
					"bytes":	4999944,
					"bits_per_second":	39999830.948558629,
					"packets":	3453,
					"omitted":	false,
					"sender":	true
				}],
			"sum":	{
				"start":	3.000085,
				"end":	4.000078,
				"seconds":	0.99999302625656128,
				"bytes":	4999944,
				"bits_per_second":	39999830.948558629,
				"packets":	3453,
				"omitted":	false,
				"sender":	true
			}
		}, {
			"streams":	[{
					"socket":	6,
					"start":	4.000078,
					"end":	5.000139,
					"seconds":	1.00006103515625,
					"bytes":	4999944,
					"bits_per_second":	39997110.7700946,
					"packets":	3453,
					"omitted":	false,
					"sender":	true
				}],
			"sum":	{
				"start":	4.000078,
				"end":	5.000139,
				"seconds":	1.00006103515625,
				"bytes":	4999944,
				"bits_per_second":	39997110.7700946,
				"packets":	3453,
				"omitted":	false,
				"sender":	true
			}
		}, {
			"streams":	[{
					"socket":	6,
					"start":	5.000139,
					"end":	6.000095,
					"seconds":	0.99995601177215576,
					"bytes":	4999944,
					"bits_per_second":	40001311.586808152,
					"packets":	3453,
					"omitted":	false,
					"sender":	true
				}],
			"sum":	{
				"start":	5.000139,
				"end":	6.000095,
				"seconds":	0.99995601177215576,
				"bytes":	4999944,
				"bits_per_second":	40001311.586808152,
				"packets":	3453,
				"omitted":	false,
				"sender":	true
			}
		}, {
			"streams":	[{
					"socket":	6,
					"start":	6.000095,
					"end":	7.000117,
					"seconds":	1.0000220537185669,
					"bytes":	4999944,
					"bits_per_second":	39998669.8805914,
					"packets":	3453,
					"omitted":	false,
					"sender":	true
				}],
			"sum":	{
				"start":	6.000095,
				"end":	7.000117,
				"seconds":	1.0000220537185669,
				"bytes":	4999944,
				"bits_per_second":	39998669.8805914,
				"packets":	3453,
				"omitted":	false,
				"sender":	true
			}
		}, {
			"streams":	[{
					"socket":	6,
					"start":	7.000117,
					"end":	8.000104,
					"seconds":	0.999987006187439,
					"bytes":	4999944,
					"bits_per_second":	40000071.7534348,
					"packets":	3453,
					"omitted":	false,
					"sender":	true
				}],
			"sum":	{
				"start":	7.000117,
				"end":	8.000104,
				"seconds":	0.999987006187439,
				"bytes":	4999944,
				"bits_per_second":	40000071.7534348,
				"packets":	3453,
				"omitted":	false,
				"sender":	true
			}
		}, {
			"streams":	[{
					"socket":	6,
					"start":	8.000104,
					"end":	9.000098,
					"seconds":	0.99999397993087769,
					"bytes":	4999944,
					"bits_per_second":	39999792.801517546,
					"packets":	3453,
					"omitted":	false,
					"sender":	true
				}],
			"sum":	{
				"start":	8.000104,
				"end":	9.000098,
				"seconds":	0.99999397993087769,
				"bytes":	4999944,
				"bits_per_second":	39999792.801517546,
				"packets":	3453,
				"omitted":	false,
				"sender":	true
			}
		}, {
			"streams":	[{
					"socket":	6,
					"start":	9.000098,
					"end":	10.000098,
					"seconds":	1,
					"bytes":	4999944,
					"bits_per_second":	39999552,
					"packets":	3453,
					"omitted":	false,
					"sender":	true
				}],
			"sum":	{
				"start":	9.000098,
				"end":	10.000098,
				"seconds":	1,
				"bytes":	4999944,
				"bits_per_second":	39999552,
				"packets":	3453,
				"omitted":	false,
				"sender":	true
			}
		}, {
			"streams":	[{
					"socket":	6,
					"start":	10.000098,
					"end":	11.000128,
					"seconds":	1.0000300407409668,
					"bytes":	4999944,
					"bits_per_second":	39998350.419915937,
					"packets":	3453,
					"omitted":	false,
					"sender":	true
				}],
			"sum":	{
				"start":	10.000098,
				"end":	11.000128,
				"seconds":	1.0000300407409668,
				"bytes":	4999944,
				"bits_per_second":	39998350.419915937,
				"packets":	3453,
				"omitted":	false,
				"sender":	true
			}
		}, {
			"streams":	[{
					"socket":	6,
					"start":	11.000128,
					"end":	12.000113,
					"seconds":	0.9999849796295166,
					"bytes":	4999944,
					"bits_per_second":	40000152.8171147,
					"packets":	3453,
					"omitted":	false,
					"sender":	true
				}],
			"sum":	{
				"start":	11.000128,
				"end":	12.000113,
				"seconds":	0.9999849796295166,
				"bytes":	4999944,
				"bits_per_second":	40000152.8171147,
				"packets":	3453,
				"omitted":	false,
				"sender":	true
			}
		}, {
			"streams":	[{
					"socket":	6,
					"start":	12.000113,
					"end":	13.000113,
					"seconds":	1,
					"bytes":	4999944,
					"bits_per_second":	39999552,
					"packets":	3453,
					"omitted":	false,
					"sender":	true
				}],
			"sum":	{
				"start":	12.000113,
				"end":	13.000113,
				"seconds":	1,
				"bytes":	4999944,
				"bits_per_second":	39999552,
				"packets":	3453,
				"omitted":	false,
				"sender":	true
			}
		}, {
			"streams":	[{
					"socket":	6,
					"start":	13.000113,
					"end":	14.000492,
					"seconds":	1.0003789663314819,
					"bytes":	5001392,
					"bits_per_second":	39995978.870613374,
					"packets":	3454,
					"omitted":	false,
					"sender":	true
				}],
			"sum":	{
				"start":	13.000113,
				"end":	14.000492,
				"seconds":	1.0003789663314819,
				"bytes":	5001392,
				"bits_per_second":	39995978.870613374,
				"packets":	3454,
				"omitted":	false,
				"sender":	true
			}
		}, {
			"streams":	[{
					"socket":	6,
					"start":	14.000492,
					"end":	15.000114,
					"seconds":	0.99962198734283447,
					"bytes":	5002840,
					"bits_per_second":	40037854.815886162,
					"packets":	3455,
					"omitted":	false,
					"sender":	true
				}],
			"sum":	{
				"start":	14.000492,
				"end":	15.000114,
				"seconds":	0.99962198734283447,
				"bytes":	5002840,