{
	"start":	{
		"connected":	[{
				"socket":	6,
				"local_host":	"10.0.0.1",
				"local_port":	44808,
				"remote_host":	"10.0.0.2",
				"remote_port":	5202
			}],
		"version":	"iperf 3.16",
		"system_info":	"Linux DESKTOP-1SICFSU 6.6.87.2-microsoft-standard-WSL2+ #1 SMP PREEMPT_DYNAMIC Sat Nov  8 16:12:55 CET 2025 x86_64",
		"timestamp":	{
			"time":	"Sun, 09 Nov 2025 11:44:15 GMT",
			"timesecs":	1762688655
		},
		"connecting_to":	{
			"host":	"10.0.0.2",
			"port":	5202
		},
		"cookie":	"7ww6qzac37utzbmrb7eamflyql6dxd3f7fuz",
		"target_bitrate":	50000000,
		"fq_rate":	0,
		"sock_bufsize":	0,
		"sndbuf_actual":	212992,
		"rcvbuf_actual":	212992,
		"test_start":	{
			"protocol":	"UDP",
			"num_streams":	1,
			"blksize":	1448,
			"omit":	0,
			"duration":	30,
			"bytes":	0,
			"blocks":	0,
			"reverse":	0,
			"tos":	104,
			"target_bitrate":	50000000,
			"bidir":	0,
			"fqrate":	0
		}
	},
	"intervals":	[{
			"streams":	[{
					"socket":	6,
					"start":	0,
					"end":	1.00008,
					"seconds":	1.0000799894332886,
					"bytes":	3798104,
					"bits_per_second":	30382401.728903759,
					"packets":	2624,
					"omitted":	false,
					"sender":	true
				}],
			"sum":	{
				"start":	0,
				"end":	1.00008,
				"seconds":	1.0000799894332886,
				"bytes":	3798104,
				"bits_per_second":	30382401.728903759,
				"packets":	2624,
				"omitted":	false,
				"sender":	true
			}
		}, {
			"streams":	[{
					"socket":	6,
					"start":	1.00008,
					"end":	2.000081,
					"seconds":	1.0000009536743164,
					"bytes":	3611312,
					"bits_per_second":	28890468.447902251,
					"packets":	2494,
					"omitted":	false,
					"sender":	true
				}],
			"sum":	{
				"start":	1.00008,
				"end":	2.000081,
				"seconds":	1.0000009536743164,
				"bytes":	3611312,
				"bits_per_second":	28890468.447902251,
				"packets":	2494,
				"omitted":	false,
				"sender":	true
			}
		}, {
			"streams":	[{
					"socket":	6,
					"start":	2.000081,
					"end":	3.000082,
					"seconds":	1.0000009536743164,
					"bytes":	3675024,
					"bits_per_second":	29400163.961818732,
					"packets":	2538,
					"omitted":	false,
					"sender":	true
				}],
			"sum":	{
				"start":	2.000081,
				"end":	3.000082,
				"seconds":	1.0000009536743164,
				"bytes":	3675024,
				"bits_per_second":	29400163.961818732,
				"packets":	2538,
				"omitted":	false,
				"sender":	true
			}
		}, {
			"streams":	[{
					"socket":	6,
					"start":	3.000082,
					"end":	4.000081,
					"seconds":	0.99999898672103882,
					"bytes":	3573664,
					"bits_per_second":	28589340.96897772,
					"packets":	2468,
					"omitted":	false,
					"sender":	true
				}],
			"sum":	{
				"start":	3.000082,
				"end":	4.000081,
				"seconds":	0.99999898672103882,
				"bytes":	3573664,
				"bits_per_second":	28589340.96897772,
				"packets":	2468,
				"omitted":	false,
				"sender":	true
			}
		}, {
			"streams":	[{
					"socket":	6,
					"start":	4.000081,
					"end":	5.000073,
					"seconds":	0.9999920129776,
					"bytes":	3675024,
					"bits_per_second":	29400426.821867593,
					"packets":	2538,
					"omitted":	false,
					"sender":	true
				}],
			"sum":	{
				"start":	4.000081,
				"end":	5.000073,
				"seconds":	0.9999920129776,
				"bytes":	3675024,
				"bits_per_second":	29400426.821867593,
				"packets":	2538,
				"omitted":	false,
				"sender":	true
			}
		}, {
			"streams":	[{
					"socket":	6,
					"start":	5.000073,
					"end":	6.000097,
					"seconds":	1.0000239610672,
					"bytes":	3606968,
					"bits_per_second":	28855052.602145549,
					"packets":	2491,
					"omitted":	false,
					"sender":	true
				}],
			"sum":	{
				"start":	5.000073,
				"end":	6.000097,
				"seconds":	1.0000239610672,
				"bytes":	3606968,
				"bits_per_second":	28855052.602145549,
				"packets":	2491,
				"omitted":	false,
				"sender":	true
			}
		}, {
			"streams":	[{
					"socket":	6,
					"start":	6.000097,
					"end":	7.000097,
					"seconds":	1,
					"bytes":	3676472,
					"bits_per_second":	29411776,
					"packets":	2539,
					"omitted":	false,
					"sender":	true
				}],
			"sum":	{
				"start":	6.000097,
				"end":	7.000097,
				"seconds":	1,
				"bytes":	3676472,
				"bits_per_second":	29411776,
				"packets":	2539,
				"omitted":	false,
				"sender":	true
			}
		}, {
			"streams":	[{
					"socket":	6,
					"start":	7.000097,
					"end":	8.000078,
					"seconds":	0.99998098611831665,
					"bytes":	3608416,
					"bits_per_second":	28867876.890395645,
					"packets":	2492,
					"omitted":	false,
					"sender":	true
				}],
			"sum":	{
				"start":	7.000097,
				"end":	8.000078,
				"seconds":	0.99998098611831665,
				"bytes":	3608416,
				"bits_per_second":	28867876.890395645,
				"packets":	2492,
				"omitted":	false,
				"sender":	true
			}
		}, {
			"streams":	[{
					"socket":	6,
					"start":	8.000078,
					"end":	9.000082,
					"seconds":	1.0000040531158447,
					"bytes":	3680816,
					"bits_per_second":	29446408.650294527,
					"packets":	2542,
					"omitted":	false,
					"sender":	true
				}],
			"sum":	{
				"start":	8.000078,
				"end":	9.000082,
				"seconds":	1.0000040531158447,
				"bytes":	3680816,
				"bits_per_second":	29446408.650294527,
				"packets":	2542,
				"omitted":	false,
				"sender":	true
			}
		}, {
			"streams":	[{
					"socket":	6,
					"start":	9.000082,
					"end":	10.000074,
					"seconds":	0.9999920129776,
					"bytes":	3606968,
					"bits_per_second":	28855974.47331449,
					"packets":	2491,
					"omitted":	false,
					"sender":	true
				}],
			"sum":	{
				"start":	9.000082,
				"end":	10.000074,
				"seconds":	0.9999920129776,
				"bytes":	3606968,
				"bits_per_second":	28855974.47331449,
				"packets":	2491,
				"omitted":	false,
				"sender":	true
			}
		}, {
			"streams":	[{
					"socket":	6,
					"start":	10.000074,
					"end":	11.000076,
					"seconds":	1.0000020265579224,
					"bytes":	3679368,
					"bits_per_second":	29434884.348501928,
					"packets":	2541,
					"omitted":	false,
					"sender":	true
				}],
			"sum":	{
				"start":	10.000074,
				"end":	11.000076,
				"seconds":	1.0000020265579224,
				"bytes":	3679368,
				"bits_per_second":	29434884.348501928,
				"packets":	2541,
				"omitted":	false,
				"sender":	true
			}
		}, {
			"streams":	[{
					"socket":	6,
					"start":	11.000076,
					"end":	12.000073,
					"seconds":	0.99999701976776123,
					"bytes":	3612760,
					"bits_per_second":	28902166.135167286,
					"packets":	2495,
					"omitted":	false,
					"sender":	true
				}],
			"sum":	{
				"start":	11.000076,
				"end":	12.000073,
				"seconds":	0.99999701976776123,
				"bytes":	3612760,
				"bits_per_second":	28902166.135167286,
				"packets":	2495,
				"omitted":	false,
				"sender":	true
			}
		}, {
			"streams":	[{
					"socket":	6,
					"start":	12.000073,
					"end":	13.000073,
					"seconds":	1,
					"bytes":	3675024,
					"bits_per_second":	29400192,
					"packets":	2538,
					"omitted":	false,
					"sender":	true
				}],
			"sum":	{
				"start":	12.000073,
				"end":	13.000073,
				"seconds":	1,
				"bytes":	3675024,
				"bits_per_second":	29400192,
				"packets":	2538,
				"omitted":	false,
				"sender":	true
			}
		}, {
			"streams":	[{
					"socket":	6,
					"start":	13.000073,
					"end":	14.000073,
					"seconds":	1,
					"bytes":	3614208,
					"bits_per_second":	28913664,
					"packets":	2496,
					"omitted":	false,
					"sender":	true
				}],
			"sum":	{
				"start":	13.000073,
				"end":	14.000073,
				"seconds":	1,
				"bytes":	3614208,
				"bits_per_second":	28913664,
				"packets":	2496,
				"omitted":	false,
				"sender":	true
			}
		}, {
			"streams":	[{
					"socket":	6,
					"start":	14.000073,
					"end":	15.000081,
					"seconds":	1.0000079870224,
					"bytes":	3606968,
					"bits_per_second":	28855513.530367073,
					"packets":	2491,
					"omitted":	false,
					"sender":	true
				}],
			"sum":	{
				"start":	14.000073,
				"end":	15.000081,
				"seconds":	1.0000079870224,
				"bytes":	3606968,
				"bits_per_second":	28855513.530367073,
				"packets":	2491,