{
	"start":	{
		"connected":	[{
				"socket":	6,
				"local_host":	"10.0.0.1",
				"local_port":	42231,
				"remote_host":	"10.0.0.2",
				"remote_port":	5203
			}],
		"version":	"iperf 3.16",
		"system_info":	"Linux DESKTOP-1SICFSU 6.6.87.2-microsoft-standard-WSL2+ #1 SMP PREEMPT_DYNAMIC Sat Nov  8 16:12:55 CET 2025 x86_64",
		"timestamp":	{
			"time":	"Sun, 09 Nov 2025 11:44:15 GMT",
			"timesecs":	1762688655
		},
		"connecting_to":	{
			"host":	"10.0.0.2",
			"port":	5203
		},
		"cookie":	"itcc4djvm4qtzezgmjwn4uzzqcww3jnhs3qi",
		"target_bitrate":	50000000,
		"fq_rate":	0,
		"sock_bufsize":	0,
		"sndbuf_actual":	212992,
		"rcvbuf_actual":	212992,
		"test_start":	{
			"protocol":	"UDP",
			"num_streams":	1,
			"blksize":	1448,
			"omit":	0,
			"duration":	30,
			"bytes":	0,
			"blocks":	0,
			"reverse":	0,
			"tos":	0,
			"target_bitrate":	50000000,
			"bidir":	0,
			"fqrate":	0
		}
	},
	"intervals":	[{
			"streams":	[{
					"socket":	6,
					"start":	0,
					"end":	1.000091,
					"seconds":	1.0000909566879272,
					"bytes":	1362568,
					"bits_per_second":	10899552.612794451,
					"packets":	942,
					"omitted":	false,
					"sender":	true
				}],
			"sum":	{
				"start":	0,
				"end":	1.000091,
				"seconds":	1.0000909566879272,
				"bytes":	1362568,
				"bits_per_second":	10899552.612794451,
				"packets":	942,
				"omitted":	false,
				"sender":	true
			}
		}, {
			"streams":	[{
					"socket":	6,
					"start":	1.000091,
					"end":	2.000127,
					"seconds":	1.0000360012054443,
					"bytes":	1225008,
					"bits_per_second":	9799711.198583845,
					"packets":	846,
					"omitted":	false,
					"sender":	true
				}],
			"sum":	{
				"start":	1.000091,
				"end":	2.000127,
				"seconds":	1.0000360012054443,
				"bytes":	1225008,
				"bits_per_second":	9799711.198583845,
				"packets":	846,
				"omitted":	false,
				"sender":	true
			}
		}, {
			"streams":	[{
					"socket":	6,
					"start":	2.000127,
					"end":	3.000093,
					"seconds":	0.999966025352478,
					"bytes":	1156952,
					"bits_per_second":	9255930.4669751041,
					"packets":	799,
					"omitted":	false,
					"sender":	true
				}],
			"sum":	{
				"start":	2.000127,
				"end":	3.000093,
				"seconds":	0.999966025352478,
				"bytes":	1156952,
				"bits_per_second":	9255930.4669751041,
				"packets":	799,
				"omitted":	false,
				"sender":	true
			}
		}, {
			"streams":	[{
					"socket":	6,
					"start":	3.000093,
					"end":	4.000102,
					"seconds":	1.0000089406967163,
					"bytes":	1225008,
					"bits_per_second":	9799976.3813833464,
					"packets":	846,
					"omitted":	false,
					"sender":	true
				}],
			"sum":	{
				"start":	3.000093,
				"end":	4.000102,
				"seconds":	1.0000089406967163,
				"bytes":	1225008,
				"bits_per_second":	9799976.3813833464,
				"packets":	846,
				"omitted":	false,
				"sender":	true
			}
		}, {
			"streams":	[{
					"socket":	6,
					"start":	4.000102,
					"end":	5.000075,
					"seconds":	0.99997299909591675,
					"bytes":	1225008,
					"bits_per_second":	9800328.61773299,
					"packets":	846,
					"omitted":	false,
					"sender":	true
				}],
			"sum":	{
				"start":	4.000102,
				"end":	5.000075,
				"seconds":	0.99997299909591675,
				"bytes":	1225008,
				"bits_per_second":	9800328.61773299,
				"packets":	846,
				"omitted":	false,
				"sender":	true
			}
		}, {
			"streams":	[{
					"socket":	6,
					"start":	5.000075,
					"end":	6.00009,
					"seconds":	1.0000150203704834,
					"bytes":	1225008,
					"bits_per_second":	9799916.8016189337,
					"packets":	846,
					"omitted":	false,
					"sender":	true
				}],
			"sum":	{
				"start":	5.000075,
				"end":	6.00009,
				"seconds":	1.0000150203704834,
				"bytes":	1225008,
				"bits_per_second":	9799916.8016189337,
				"packets":	846,
				"omitted":	false,
				"sender":	true
			}
		}, {
			"streams":	[{
					"socket":	6,
					"start":	6.00009,
					"end":	7.000087,
					"seconds":	0.99999701976776123,
					"bytes":	1225008,
					"bits_per_second":	9800093.2065537162,
					"packets":	846,
					"omitted":	false,
					"sender":	true
				}],
			"sum":	{
				"start":	6.00009,
				"end":	7.000087,
				"seconds":	0.99999701976776123,
				"bytes":	1225008,
				"bits_per_second":	9800093.2065537162,
				"packets":	846,
				"omitted":	false,
				"sender":	true
			}
		}, {
			"streams":	[{
					"socket":	6,
					"start":	7.000087,
					"end":	8.0001,
					"seconds":	1.000012993812561,
					"bytes":	1225008,
					"bits_per_second":	9799936.66145991,
					"packets":	846,
					"omitted":	false,
					"sender":	true
				}],
			"sum":	{
				"start":	7.000087,
				"end":	8.0001,
				"seconds":	1.000012993812561,
				"bytes":	1225008,
				"bits_per_second":	9799936.66145991,
				"packets":	846,
				"omitted":	false,
				"sender":	true
			}
		}, {
			"streams":	[{
					"socket":	6,
					"start":	8.0001,
					"end":	9.000101,
					"seconds":	1.0000009536743164,
					"bytes":	1156952,
					"bits_per_second":	9255607.1731651556,
					"packets":	799,
					"omitted":	false,
					"sender":	true
				}],
			"sum":	{
				"start":	8.0001,
				"end":	9.000101,
				"seconds":	1.0000009536743164,
				"bytes":	1156952,
				"bits_per_second":	9255607.1731651556,
				"packets":	799,
				"omitted":	false,
				"sender":	true
			}
		}, {
			"streams":	[{
					"socket":	6,
					"start":	9.000101,
					"end":	10.000092,
					"seconds":	0.999990999698639,
					"bytes":	1225008,
					"bits_per_second":	9800152.2043232229,
					"packets":	846,
					"omitted":	false,
					"sender":	true
				}],
			"sum":	{
				"start":	9.000101,
				"end":	10.000092,
				"seconds":	0.999990999698639,
				"bytes":	1225008,
				"bits_per_second":	9800152.2043232229,
				"packets":	846,
				"omitted":	false,
				"sender":	true
			}
		}, {
			"streams":	[{
					"socket":	6,
					"start":	10.000092,
					"end":	11.000138,
					"seconds":	1.0000460147857666,
					"bytes":	1225008,
					"bits_per_second":	9799613.0729038548,
					"packets":	846,
					"omitted":	false,
					"sender":	true
				}],
			"sum":	{
				"start":	10.000092,
				"end":	11.000138,
				"seconds":	1.0000460147857666,
				"bytes":	1225008,
				"bits_per_second":	9799613.0729038548,
				"packets":	846,
				"omitted":	false,
				"sender":	true
			}
		}, {
			"streams":	[{
					"socket":	6,
					"start":	11.000138,
					"end":	12.000095,
					"seconds":	0.999957025051117,
					"bytes":	1225008,
					"bits_per_second":	9800485.17534944,
					"packets":	846,
					"omitted":	false,
					"sender":	true
				}],
			"sum":	{
				"start":	11.000138,
				"end":	12.000095,
				"seconds":	0.999957025051117,
				"bytes":	1225008,
				"bits_per_second":	9800485.17534944,
				"packets":	846,
				"omitted":	false,
				"sender":	true
			}
		}, {
			"streams":	[{
					"socket":	6,
					"start":	12.000095,
					"end":	13.000079,
					"seconds":	0.9999840259552002,
					"bytes":	1225008,
					"bits_per_second":	9800220.5491621,
					"packets":	846,
					"omitted":	false,
					"sender":	true
				}],
			"sum":	{
				"start":	12.000095,
				"end":	13.000079,
				"seconds":	0.9999840259552002,
				"bytes":	1225008,
				"bits_per_second":	9800220.5491621,
				"packets":	846,
				"omitted":	false,
				"sender":	true
			}
		}, {
			"streams":	[{
					"socket":	6,
					"start":	13.000079,
					"end":	14.000109,
					"seconds":	1.0000300407409668,
					"bytes":	1225008,
					"bits_per_second":	9799769.60765968,
					"packets":	846,
					"omitted":	false,
					"sender":	true
				}],
			"sum":	{
				"start":	13.000079,
				"end":	14.000109,
				"seconds":	1.0000300407409668,
				"bytes":	1225008,
				"bits_per_second":	9799769.60765968,
				"packets":	846,
				"omitted":	false,
				"sender":	true
			}
		}, {
			"streams":	[{
					"socket":	6,
					"start":	14.000109,
					"end":	15.000092,
					"seconds":	0.999983012676239,
					"bytes":	1156952,
					"bits_per_second":	9255773.23081653,
					"packets":	799,
					"omitted":	false,
					"sender":	true
				}],
			"sum":	{
				"start":	14.000109,
				"end":	15.000092,