{
	"start":	{
		"connected":	[{
				"socket":	6,
				"local_host":	"10.0.0.1",
				"local_port":	48221,
				"remote_host":	"10.0.0.2",
				"remote_port":	5202
			}],
		"version":	"iperf 3.16",
		"system_info":	"Linux DESKTOP-1SICFSU 6.6.87.2-microsoft-standard-WSL2+ #1 SMP PREEMPT_DYNAMIC Sat Nov  8 16:12:55 CET 2025 x86_64",
		"timestamp":	{
			"time":	"Thu, 13 Nov 2025 13:59:51 GMT",
			"timesecs":	1763042391
		},
		"connecting_to":	{
			"host":	"10.0.0.2",
			"port":	5202
		},
		"cookie":	"z5jo7375qtoezq7dv5mfquv4443k22d5tehd",
		"target_bitrate":	40000000,
		"fq_rate":	0,
		"sock_bufsize":	0,
		"sndbuf_actual":	212992,
		"rcvbuf_actual":	212992,
		"test_start":	{
			"protocol":	"UDP",
			"num_streams":	1,
			"blksize":	1448,
			"omit":	0,
			"duration":	30,
			"bytes":	0,
			"blocks":	0,
			"reverse":	0,
			"tos":	104,
			"target_bitrate":	40000000,
			"bidir":	0,
			"fqrate":	0
		}
	},
	"intervals":	[{
			"streams":	[{
					"socket":	6,
					"start":	0,
					"end":	1.000076,
					"seconds":	1.0000760555267334,
					"bytes":	4995600,
					"bits_per_second":	39961760.687241741,
					"packets":	3450,
					"omitted":	false,
					"sender":	true
				}],
			"sum":	{
				"start":	0,
				"end":	1.000076,
				"seconds":	1.0000760555267334,
				"bytes":	4995600,
				"bits_per_second":	39961760.687241741,
				"packets":	3450,
				"omitted":	false,
				"sender":	true
			}
		}, {
			"streams":	[{
					"socket":	6,
					"start":	1.000076,
					"end":	2.000076,
					"seconds":	1,
					"bytes":	4999944,
					"bits_per_second":	39999552,
					"packets":	3453,
					"omitted":	false,
					"sender":	true
				}],
			"sum":	{
				"start":	1.000076,
				"end":	2.000076,
				"seconds":	1,
				"bytes":	4999944,
				"bits_per_second":	39999552,
				"packets":	3453,
				"omitted":	false,
				"sender":	true
			}
		}, {
			"streams":	[{
					"socket":	6,
					"start":	2.000076,
					"end":	3.000074,
					"seconds":	0.99999797344207764,
					"bytes":	4999944,
					"bits_per_second":	39999633.061573274,
					"packets":	3453,
					"omitted":	false,
					"sender":	true
				}],
			"sum":	{
				"start":	2.000076,
				"end":	3.000074,
				"seconds":	0.99999797344207764,
				"bytes":	4999944,
				"bits_per_second":	39999633.061573274,
				"packets":	3453,
				"omitted":	false,
				"sender":	true
			}
		}, {
			"streams":	[{
					"socket":	6,
					"start":	3.000074,
					"end":	4.000085,
					"seconds":	1.0000109672546387,
					"bytes":	5001392,
					"bits_per_second":	40010697.192495622,
					"packets":	3454,
					"omitted":	false,
					"sender":	true
				}],
			"sum":	{
				"start":	3.000074,
				"end":	4.000085,
				"seconds":	1.0000109672546387,
				"bytes":	5001392,
				"bits_per_second":	40010697.192495622,
				"packets":	3454,
				"omitted":	false,
				"sender":	true
			}
		}, {
			"streams":	[{
					"socket":	6,
					"start":	4.000085,
					"end":	5.000053,
					"seconds":	0.99996799230575562,
					"bytes":	4999944,
					"bits_per_second":	40000832.334410883,
					"packets":	3453,
					"omitted":	false,
					"sender":	true
				}],
			"sum":	{
				"start":	4.000085,
				"end":	5.000053,
				"seconds":	0.99996799230575562,
				"bytes":	4999944,
				"bits_per_second":	40000832.334410883,
				"packets":	3453,
				"omitted":	false,
				"sender":	true
			}
		}, {
			"streams":	[{
					"socket":	6,
					"start":	5.000053,
					"end":	6.000088,
					"seconds":	1.0000350475311279,
					"bytes":	4999944,
					"bits_per_second":	39998150.163587078,
					"packets":	3453,
					"omitted":	false,
					"sender":	true
				}],
			"sum":	{
				"start":	5.000053,
				"end":	6.000088,
				"seconds":	1.0000350475311279,
				"bytes":	4999944,
				"bits_per_second":	39998150.163587078,
				"packets":	3453,
				"omitted":	false,
				"sender":	true
			}
		}, {
			"streams":	[{
					"socket":	6,
					"start":	6.000088,
					"end":	7.000063,
					"seconds":	0.999975025653839,
					"bytes":	4999944,
					"bits_per_second":	40000550.987606987,
					"packets":	3453,
					"omitted":	false,
					"sender":	true
				}],
			"sum":	{
				"start":	6.000088,
				"end":	7.000063,
				"seconds":	0.999975025653839,
				"bytes":	4999944,
				"bits_per_second":	40000550.987606987,
				"packets":	3453,
				"omitted":	false,
				"sender":	true
			}
		}, {
			"streams":	[{
					"socket":	6,
					"start":	7.000063,
					"end":	8.000082,
					"seconds":	1.0000189542770386,
					"bytes":	4999944,
					"bits_per_second":	39998793.851780124,
					"packets":	3453,
					"omitted":	false,
					"sender":	true
				}],
			"sum":	{
				"start":	7.000063,
				"end":	8.000082,
				"seconds":	1.0000189542770386,
				"bytes":	4999944,
				"bits_per_second":	39998793.851780124,
				"packets":	3453,
				"omitted":	false,
				"sender":	true
			}
		}, {
			"streams":	[{
					"socket":	6,
					"start":	8.000082,
					"end":	9.000097,
					"seconds":	1.0000150203704834,
					"bytes":	4999944,
					"bits_per_second":	39998951.200934015,
					"packets":	3453,
					"omitted":	false,
					"sender":	true
				}],
			"sum":	{
				"start":	8.000082,
				"end":	9.000097,
				"seconds":	1.0000150203704834,
				"bytes":	4999944,
				"bits_per_second":	39998951.200934015,
				"packets":	3453,
				"omitted":	false,
				"sender":	true
			}
		}, {
			"streams":	[{
					"socket":	6,
					"start":	9.000097,
					"end":	10.000081,
					"seconds":	0.9999840259552002,
					"bytes":	4999944,
					"bits_per_second":	40000190.964842476,
					"packets":	3453,
					"omitted":	false,
					"sender":	true
				}],
			"sum":	{
				"start":	9.000097,
				"end":	10.000081,
				"seconds":	0.9999840259552002,
				"bytes":	4999944,
				"bits_per_second":	40000190.964842476,
				"packets":	3453,
				"omitted":	false,
				"sender":	true
			}
		}, {
			"streams":	[{
					"socket":	6,
					"start":	10.000081,
					"end":	11.000086,
					"seconds":	1.0000050067901611,
					"bytes":	4999944,
					"bits_per_second":	39999351.7316393,
					"packets":	3453,
					"omitted":	false,
					"sender":	true
				}],
			"sum":	{
				"start":	10.000081,
				"end":	11.000086,
				"seconds":	1.0000050067901611,
				"bytes":	4999944,
				"bits_per_second":	39999351.7316393,
				"packets":	3453,
				"omitted":	false,
				"sender":	true
			}
		}, {
			"streams":	[{
					"socket":	6,
					"start":	11.000086,
					"end":	12.000086,
					"seconds":	1,
					"bytes":	4999944,
					"bits_per_second":	39999552,
					"packets":	3453,
					"omitted":	false,
					"sender":	true
				}],
			"sum":	{
				"start":	11.000086,
				"end":	12.000086,
				"seconds":	1,
				"bytes":	4999944,
				"bits_per_second":	39999552,
				"packets":	3453,
				"omitted":	false,
				"sender":	true
			}
		}, {
			"streams":	[{
					"socket":	6,
					"start":	12.000086,
					"end":	13.000103,
					"seconds":	1.0000170469284058,
					"bytes":	4999944,
					"bits_per_second":	39998870.142124377,
					"packets":	3453,
					"omitted":	false,
					"sender":	true
				}],
			"sum":	{
				"start":	12.000086,
				"end":	13.000103,
				"seconds":	1.0000170469284058,
				"bytes":	4999944,
				"bits_per_second":	39998870.142124377,
				"packets":	3453,
				"omitted":	false,
				"sender":	true
			}
		}, {
			"streams":	[{
					"socket":	6,
					"start":	13.000103,
					"end":	14.000093,
					"seconds":	0.99998998641967773,
					"bytes":	4999944,
					"bits_per_second":	39999952.54273767,
					"packets":	3453,
					"omitted":	false,
					"sender":	true
				}],
			"sum":	{
				"start":	13.000103,
				"end":	14.000093,
				"seconds":	0.99998998641967773,
				"bytes":	4999944,
				"bits_per_second":	39999952.54273767,
				"packets":	3453,
				"omitted":	false,
				"sender":	true
			}
		}, {
			"streams":	[{
					"socket":	6,
					"start":	14.000093,
					"end":	15.000078,
					"seconds":	0.9999849796295166,
					"bytes":	4999944,
					"bits_per_second":	40000152.8171147,
					"packets":	3453,
					"omitted":	false,
					"sender":	true
				}],
			"sum":	{
				"start":	14.000093,
				"end":	15.000078,
				"seconds":	0.9999849796295166,