{
	"start":	{
		"connected":	[{
				"socket":	6,
				"local_host":	"10.0.0.1",
				"local_port":	49175,
				"remote_host":	"10.0.0.2",
				"remote_port":	5202
			}],
		"version":	"iperf 3.16",
		"system_info":	"Linux DESKTOP-1SICFSU 6.6.87.2-microsoft-standard-WSL2+ #1 SMP PREEMPT_DYNAMIC Sat Nov  8 16:12:55 CET 2025 x86_64",
		"timestamp":	{
			"time":	"Sun, 09 Nov 2025 12:05:34 GMT",
			"timesecs":	1762689934
		},
		"connecting_to":	{
			"host":	"10.0.0.2",
			"port":	5202
		},
		"cookie":	"6ryvk4xhtvrz2g2b5dfg33ccog6pnam7jr5h",
		"target_bitrate":	50000000,
		"fq_rate":	0,
		"sock_bufsize":	0,
		"sndbuf_actual":	212992,
		"rcvbuf_actual":	212992,
		"test_start":	{
			"protocol":	"UDP",
			"num_streams":	1,
			"blksize":	1448,
			"omit":	0,
			"duration":	30,
			"bytes":	0,
			"blocks":	0,
			"reverse":	0,
			"tos":	104,
			"target_bitrate":	50000000,
			"bidir":	0,
			"fqrate":	0
		}
	},
	"intervals":	[{
			"streams":	[{
					"socket":	6,
					"start":	0,
					"end":	1.000173,
					"seconds":	1.0001729726791382,
					"bytes":	6246672,
					"bits_per_second":	49964733.466189928,
					"packets":	4314,
					"omitted":	false,
					"sender":	true
				}],
			"sum":	{
				"start":	0,
				"end":	1.000173,
				"seconds":	1.0001729726791382,
				"bytes":	6246672,
				"bits_per_second":	49964733.466189928,
				"packets":	4314,
				"omitted":	false,
				"sender":	true
			}
		}, {
			"streams":	[{
					"socket":	6,
					"start":	1.000173,
					"end":	2.000092,
					"seconds":	0.99991899728775024,
					"bytes":	6249568,
					"bits_per_second":	50000594.183742985,
					"packets":	4316,
					"omitted":	false,
					"sender":	true
				}],
			"sum":	{
				"start":	1.000173,
				"end":	2.000092,
				"seconds":	0.99991899728775024,
				"bytes":	6249568,
				"bits_per_second":	50000594.183742985,
				"packets":	4316,
				"omitted":	false,
				"sender":	true
			}
		}, {
			"streams":	[{
					"socket":	6,
					"start":	2.000092,
					"end":	3.000087,
					"seconds":	0.999994993209839,
					"bytes":	6248120,
					"bits_per_second":	49985210.265458956,
					"packets":	4315,
					"omitted":	false,
					"sender":	true
				}],
			"sum":	{
				"start":	2.000092,
				"end":	3.000087,
				"seconds":	0.999994993209839,
				"bytes":	6248120,
				"bits_per_second":	49985210.265458956,
				"packets":	4315,
				"omitted":	false,
				"sender":	true
			}
		}, {
			"streams":	[{
					"socket":	6,
					"start":	3.000087,
					"end":	4.00009,
					"seconds":	1.0000029802322388,
					"bytes":	6251016,
					"bits_per_second":	50007978.9646089,
					"packets":	4317,
					"omitted":	false,
					"sender":	true
				}],
			"sum":	{
				"start":	3.000087,
				"end":	4.00009,
				"seconds":	1.0000029802322388,
				"bytes":	6251016,
				"bits_per_second":	50007978.9646089,
				"packets":	4317,
				"omitted":	false,
				"sender":	true
			}
		}, {
			"streams":	[{
					"socket":	6,
					"start":	4.00009,
					"end":	5.000085,
					"seconds":	0.999994993209839,
					"bytes":	6249568,
					"bits_per_second":	49996794.3234579,
					"packets":	4316,
					"omitted":	false,
					"sender":	true
				}],
			"sum":	{
				"start":	4.00009,
				"end":	5.000085,
				"seconds":	0.999994993209839,
				"bytes":	6249568,
				"bits_per_second":	49996794.3234579,
				"packets":	4316,
				"omitted":	false,
				"sender":	true
			}
		}, {
			"streams":	[{
					"socket":	6,
					"start":	5.000085,
					"end":	6.000095,
					"seconds":	1.0000100135803223,
					"bytes":	6249568,
					"bits_per_second":	49996043.360604,
					"packets":	4316,
					"omitted":	false,
					"sender":	true
				}],
			"sum":	{
				"start":	5.000085,
				"end":	6.000095,
				"seconds":	1.0000100135803223,
				"bytes":	6249568,
				"bits_per_second":	49996043.360604,
				"packets":	4316,
				"omitted":	false,
				"sender":	true
			}
		}, {
			"streams":	[{
					"socket":	6,
					"start":	6.000095,
					"end":	7.000094,
					"seconds":	0.99999898672103882,
					"bytes":	6251016,
					"bits_per_second":	50008178.672235332,
					"packets":	4317,
					"omitted":	false,
					"sender":	true
				}],
			"sum":	{
				"start":	6.000095,
				"end":	7.000094,
				"seconds":	0.99999898672103882,
				"bytes":	6251016,
				"bits_per_second":	50008178.672235332,
				"packets":	4317,
				"omitted":	false,
				"sender":	true
			}
		}, {
			"streams":	[{
					"socket":	6,
					"start":	7.000094,
					"end":	8.000074,
					"seconds":	0.99997997283935547,
					"bytes":	6249568,
					"bits_per_second":	49997545.308871731,
					"packets":	4316,
					"omitted":	false,
					"sender":	true
				}],
			"sum":	{
				"start":	7.000094,
				"end":	8.000074,
				"seconds":	0.99997997283935547,
				"bytes":	6249568,
				"bits_per_second":	49997545.308871731,
				"packets":	4316,
				"omitted":	false,
				"sender":	true
			}
		}, {
			"streams":	[{
					"socket":	6,
					"start":	8.000074,
					"end":	9.000092,
					"seconds":	1.0000180006027222,
					"bytes":	6249568,
					"bits_per_second":	49995644.048273645,
					"packets":	4316,
					"omitted":	false,
					"sender":	true
				}],
			"sum":	{
				"start":	8.000074,
				"end":	9.000092,
				"seconds":	1.0000180006027222,
				"bytes":	6249568,
				"bits_per_second":	49995644.048273645,
				"packets":	4316,
				"omitted":	false,
				"sender":	true
			}
		}, {
			"streams":	[{
					"socket":	6,
					"start":	9.000092,
					"end":	10.000082,
					"seconds":	0.99998998641967773,
					"bytes":	6251016,
					"bits_per_second":	50008628.765420951,
					"packets":	4317,
					"omitted":	false,
					"sender":	true
				}],
			"sum":	{
				"start":	9.000092,
				"end":	10.000082,
				"seconds":	0.99998998641967773,
				"bytes":	6251016,
				"bits_per_second":	50008628.765420951,
				"packets":	4317,
				"omitted":	false,
				"sender":	true
			}
		}, {
			"streams":	[{
					"socket":	6,
					"start":	10.000082,
					"end":	11.000084,
					"seconds":	1.0000020265579224,
					"bytes":	6249568,
					"bits_per_second":	49996442.679313,
					"packets":	4316,
					"omitted":	false,
					"sender":	true
				}],
			"sum":	{
				"start":	10.000082,
				"end":	11.000084,
				"seconds":	1.0000020265579224,
				"bytes":	6249568,
				"bits_per_second":	49996442.679313,
				"packets":	4316,
				"omitted":	false,
				"sender":	true
			}
		}, {
			"streams":	[{
					"socket":	6,
					"start":	11.000084,
					"end":	12.000067,
					"seconds":	0.999983012676239,
					"bytes":	6249568,
					"bits_per_second":	49997393.321907565,
					"packets":	4316,
					"omitted":	false,
					"sender":	true
				}],
			"sum":	{
				"start":	11.000084,
				"end":	12.000067,
				"seconds":	0.999983012676239,
				"bytes":	6249568,
				"bits_per_second":	49997393.321907565,
				"packets":	4316,
				"omitted":	false,
				"sender":	true
			}
		}, {
			"streams":	[{
					"socket":	6,
					"start":	12.000067,
					"end":	13.000086,
					"seconds":	1.0000189542770386,
					"bytes":	6249568,
					"bits_per_second":	49995596.3696157,
					"packets":	4316,
					"omitted":	false,
					"sender":	true
				}],
			"sum":	{
				"start":	12.000067,
				"end":	13.000086,
				"seconds":	1.0000189542770386,
				"bytes":	6249568,
				"bits_per_second":	49995596.3696157,
				"packets":	4316,
				"omitted":	false,
				"sender":	true
			}
		}, {
			"streams":	[{
					"socket":	6,
					"start":	13.000086,
					"end":	14.000086,
					"seconds":	1,
					"bytes":	6251016,
					"bits_per_second":	50008128,
					"packets":	4317,
					"omitted":	false,
					"sender":	true
				}],
			"sum":	{
				"start":	13.000086,
				"end":	14.000086,
				"seconds":	1,
				"bytes":	6251016,
				"bits_per_second":	50008128,
				"packets":	4317,
				"omitted":	false,
				"sender":	true
			}
		}, {
			"streams":	[{
					"socket":	6,
					"start":	14.000086,
					"end":	15.001995,
					"seconds":	1.0019090175628662,
					"bytes":	6243776,
					"bits_per_second":	49855033.8647549,
					"packets":	4312,
					"omitted":	false,
					"sender":	true
				}],
			"sum":	{
				"start":	14.000086,
				"end":	15.001995,