{
	"start":	{
		"connected":	[{
				"socket":	6,
				"local_host":	"10.0.0.1",
				"local_port":	46871,
				"remote_host":	"10.0.0.2",
				"remote_port":	5203
			}],
		"version":	"iperf 3.16",
		"system_info":	"Linux DESKTOP-1SICFSU 6.6.87.2-microsoft-standard-WSL2+ #1 SMP PREEMPT_DYNAMIC Sat Nov  8 16:12:55 CET 2025 x86_64",
		"timestamp":	{
			"time":	"Sun, 09 Nov 2025 10:22:43 GMT",
			"timesecs":	1762683763
		},
		"connecting_to":	{
			"host":	"10.0.0.2",
			"port":	5203
		},
		"cookie":	"v26pna7kcxazm5uv4shepqnoopebt6lc2rmy",
		"target_bitrate":	40000000,
		"fq_rate":	0,
		"sock_bufsize":	0,
		"sndbuf_actual":	212992,
		"rcvbuf_actual":	212992,
		"test_start":	{
			"protocol":	"UDP",
			"num_streams":	1,
			"blksize":	1448,
			"omit":	0,
			"duration":	30,
			"bytes":	0,
			"blocks":	0,
			"reverse":	0,
			"tos":	0,
			"target_bitrate":	40000000,
			"bidir":	0,
			"fqrate":	0
		}
	},
	"intervals":	[{
			"streams":	[{
					"socket":	6,
					"start":	0,
					"end":	1.000073,
					"seconds":	1.0000729560852051,
					"bytes":	4995600,
					"bits_per_second":	39961884.537346736,
					"packets":	3450,
					"omitted":	false,
					"sender":	true
				}],
			"sum":	{
				"start":	0,
				"end":	1.000073,
				"seconds":	1.0000729560852051,
				"bytes":	4995600,
				"bits_per_second":	39961884.537346736,
				"packets":	3450,
				"omitted":	false,
				"sender":	true
			}
		}, {
			"streams":	[{
					"socket":	6,
					"start":	1.000073,
					"end":	2.0001,
					"seconds":	1.0000269412994385,
					"bytes":	4999944,
					"bits_per_second":	39998474.3891244,
					"packets":	3453,
					"omitted":	false,
					"sender":	true
				}],
			"sum":	{
				"start":	1.000073,
				"end":	2.0001,
				"seconds":	1.0000269412994385,
				"bytes":	4999944,
				"bits_per_second":	39998474.3891244,
				"packets":	3453,
				"omitted":	false,
				"sender":	true
			}
		}, {
			"streams":	[{
					"socket":	6,
					"start":	2.0001,
					"end":	3.000119,
					"seconds":	1.0000189542770386,
					"bytes":	5001392,
					"bits_per_second":	40010377.632217944,
					"packets":	3454,
					"omitted":	false,
					"sender":	true
				}],
			"sum":	{
				"start":	2.0001,
				"end":	3.000119,
				"seconds":	1.0000189542770386,
				"bytes":	5001392,
				"bits_per_second":	40010377.632217944,
				"packets":	3454,
				"omitted":	false,
				"sender":	true
			}
		}, {
			"streams":	[{
					"socket":	6,
					"start":	3.000119,
					"end":	4.000128,
					"seconds":	1.0000089406967163,
					"bytes":	4999944,
					"bits_per_second":	39999194.379334159,
					"packets":	3453,
					"omitted":	false,
					"sender":	true
				}],
			"sum":	{
				"start":	3.000119,
				"end":	4.000128,
				"seconds":	1.0000089406967163,
				"bytes":	4999944,
				"bits_per_second":	39999194.379334159,
				"packets":	3453,
				"omitted":	false,
				"sender":	true
			}
		}, {
			"streams":	[{
					"socket":	6,
					"start":	4.000128,
					"end":	5.000113,
					"seconds":	0.9999849796295166,
					"bytes":	4999944,
					"bits_per_second":	40000152.8171147,
					"packets":	3453,
					"omitted":	false,
					"sender":	true
				}],
			"sum":	{
				"start":	4.000128,
				"end":	5.000113,
				"seconds":	0.9999849796295166,
				"bytes":	4999944,
				"bits_per_second":	40000152.8171147,
				"packets":	3453,
				"omitted":	false,
				"sender":	true
			}
		}, {
			"streams":	[{
					"socket":	6,
					"start":	5.000113,
					"end":	6.000118,
					"seconds":	1.0000050067901611,
					"bytes":	4999944,
					"bits_per_second":	39999351.7316393,
					"packets":	3453,
					"omitted":	false,
					"sender":	true
				}],
			"sum":	{
				"start":	5.000113,
				"end":	6.000118,
				"seconds":	1.0000050067901611,
				"bytes":	4999944,
				"bits_per_second":	39999351.7316393,
				"packets":	3453,
				"omitted":	false,
				"sender":	true
			}
		}, {
			"streams":	[{
					"socket":	6,
					"start":	6.000118,
					"end":	7.000118,
					"seconds":	1,
					"bytes":	4999944,
					"bits_per_second":	39999552,
					"packets":	3453,
					"omitted":	false,
					"sender":	true
				}],
			"sum":	{
				"start":	6.000118,
				"end":	7.000118,
				"seconds":	1,
				"bytes":	4999944,
				"bits_per_second":	39999552,
				"packets":	3453,
				"omitted":	false,
				"sender":	true
			}
		}, {
			"streams":	[{
					"socket":	6,
					"start":	7.000118,
					"end":	8.000084,
					"seconds":	0.999966025352478,
					"bytes":	4999944,
					"bits_per_second":	40000911.016852356,
					"packets":	3453,
					"omitted":	false,
					"sender":	true
				}],
			"sum":	{
				"start":	7.000118,
				"end":	8.000084,
				"seconds":	0.999966025352478,
				"bytes":	4999944,
				"bits_per_second":	40000911.016852356,
				"packets":	3453,
				"omitted":	false,
				"sender":	true
			}
		}, {
			"streams":	[{
					"socket":	6,
					"start":	8.000084,
					"end":	9.000172,
					"seconds":	1.0000879764556885,
					"bytes":	4999944,
					"bits_per_second":	39996033.290749483,
					"packets":	3453,
					"omitted":	false,
					"sender":	true
				}],
			"sum":	{
				"start":	8.000084,
				"end":	9.000172,
				"seconds":	1.0000879764556885,
				"bytes":	4999944,
				"bits_per_second":	39996033.290749483,
				"packets":	3453,
				"omitted":	false,
				"sender":	true
			}
		}, {
			"streams":	[{
					"socket":	6,
					"start":	9.000172,
					"end":	10.000086,
					"seconds":	0.999913990497589,
					"bytes":	4999944,
					"bits_per_second":	40002992.6374917,
					"packets":	3453,
					"omitted":	false,
					"sender":	true
				}],
			"sum":	{
				"start":	9.000172,
				"end":	10.000086,
				"seconds":	0.999913990497589,
				"bytes":	4999944,
				"bits_per_second":	40002992.6374917,
				"packets":	3453,
				"omitted":	false,
				"sender":	true
			}
		}, {
			"streams":	[{
					"socket":	6,
					"start":	10.000086,
					"end":	11.000077,
					"seconds":	0.999990999698639,
					"bytes":	4999944,
					"bits_per_second":	39999912.011262521,
					"packets":	3453,
					"omitted":	false,
					"sender":	true
				}],
			"sum":	{
				"start":	10.000086,
				"end":	11.000077,
				"seconds":	0.999990999698639,
				"bytes":	4999944,
				"bits_per_second":	39999912.011262521,
				"packets":	3453,
				"omitted":	false,
				"sender":	true
			}
		}, {
			"streams":	[{
					"socket":	6,
					"start":	11.000077,
					"end":	12.000081,
					"seconds":	1.0000040531158447,
					"bytes":	4999944,
					"bits_per_second":	39999389.8778391,
					"packets":	3453,
					"omitted":	false,
					"sender":	true
				}],
			"sum":	{
				"start":	11.000077,
				"end":	12.000081,
				"seconds":	1.0000040531158447,
				"bytes":	4999944,
				"bits_per_second":	39999389.8778391,
				"packets":	3453,
				"omitted":	false,
				"sender":	true
			}
		}, {
			"streams":	[{
					"socket":	6,
					"start":	12.000081,
					"end":	13.000076,
					"seconds":	0.999994993209839,
					"bytes":	4999944,
					"bits_per_second":	39999752.270366117,
					"packets":	3453,
					"omitted":	false,
					"sender":	true
				}],
			"sum":	{
				"start":	12.000081,
				"end":	13.000076,
				"seconds":	0.999994993209839,
				"bytes":	4999944,
				"bits_per_second":	39999752.270366117,
				"packets":	3453,
				"omitted":	false,
				"sender":	true
			}
		}, {
			"streams":	[{
					"socket":	6,
					"start":	13.000076,
					"end":	14.000086,
					"seconds":	1.0000100135803223,
					"bytes":	4999944,
					"bits_per_second":	39999151.465283982,
					"packets":	3453,
					"omitted":	false,
					"sender":	true
				}],
			"sum":	{
				"start":	13.000076,
				"end":	14.000086,
				"seconds":	1.0000100135803223,
				"bytes":	4999944,
				"bits_per_second":	39999151.465283982,
				"packets":	3453,
				"omitted":	false,
				"sender":	true
			}
		}, {
			"streams":	[{
					"socket":	6,
					"start":	14.000086,
					"end":	15.00009,
					"seconds":	1.0000040531158447,
					"bytes":	4999944,
					"bits_per_second":	39999389.8778391,
					"packets":	3453,
					"omitted":	false,
					"sender":	true
				}],
			"sum":	{
				"start":	14.000086,
				"end":	15.00009,
				"seconds":	1.0000040531158447,