{
	"start":	{
		"connected":	[{
				"socket":	6,
				"local_host":	"10.0.0.1",
				"local_port":	48327,
				"remote_host":	"10.0.0.2",
				"remote_port":	5202
			}],
		"version":	"iperf 3.16",
		"system_info":	"Linux DESKTOP-1SICFSU 6.6.87.2-microsoft-standard-WSL2+ #1 SMP PREEMPT_DYNAMIC Sat Nov  8 16:12:55 CET 2025 x86_64",
		"timestamp":	{
			"time":	"Sun, 09 Nov 2025 11:50:55 GMT",
			"timesecs":	1762689055
		},
		"connecting_to":	{
			"host":	"10.0.0.2",
			"port":	5202
		},
		"cookie":	"6vwnyjg4s7mdqoq75lraxnauhpfnhbum3nha",
		"target_bitrate":	50000000,
		"fq_rate":	0,
		"sock_bufsize":	0,
		"sndbuf_actual":	212992,
		"rcvbuf_actual":	212992,
		"test_start":	{
			"protocol":	"UDP",
			"num_streams":	1,
			"blksize":	1448,
			"omit":	0,
			"duration":	30,
			"bytes":	0,
			"blocks":	0,
			"reverse":	0,
			"tos":	104,
			"target_bitrate":	50000000,
			"bidir":	0,
			"fqrate":	0
		}
	},
	"intervals":	[{
			"streams":	[{
					"socket":	6,
					"start":	0,
					"end":	1.000069,
					"seconds":	1.00006902217865,
					"bytes":	3796656,
					"bits_per_second":	30371151.716940392,
					"packets":	2623,
					"omitted":	false,
					"sender":	true
				}],
			"sum":	{
				"start":	0,
				"end":	1.000069,
				"seconds":	1.00006902217865,
				"bytes":	3796656,
				"bits_per_second":	30371151.716940392,
				"packets":	2623,
				"omitted":	false,
				"sender":	true
			}
		}, {
			"streams":	[{
					"socket":	6,
					"start":	1.000069,
					"end":	2.000069,
					"seconds":	1,
					"bytes":	3611312,
					"bits_per_second":	28890496,
					"packets":	2494,
					"omitted":	false,
					"sender":	true
				}],
			"sum":	{
				"start":	1.000069,
				"end":	2.000069,
				"seconds":	1,
				"bytes":	3611312,
				"bits_per_second":	28890496,
				"packets":	2494,
				"omitted":	false,
				"sender":	true
			}
		}, {
			"streams":	[{
					"socket":	6,
					"start":	2.000069,
					"end":	3.000096,
					"seconds":	1.0000269412994385,
					"bytes":	3606968,
					"bits_per_second":	28854966.609704282,
					"packets":	2491,
					"omitted":	false,
					"sender":	true
				}],
			"sum":	{
				"start":	2.000069,
				"end":	3.000096,
				"seconds":	1.0000269412994385,
				"bytes":	3606968,
				"bits_per_second":	28854966.609704282,
				"packets":	2491,
				"omitted":	false,
				"sender":	true
			}
		}, {
			"streams":	[{
					"socket":	6,
					"start":	3.000096,
					"end":	4.000072,
					"seconds":	0.99997597932815552,
					"bytes":	3675024,
					"bits_per_second":	29400898.2293283,
					"packets":	2538,
					"omitted":	false,
					"sender":	true
				}],
			"sum":	{
				"start":	3.000096,
				"end":	4.000072,
				"seconds":	0.99997597932815552,
				"bytes":	3675024,
				"bits_per_second":	29400898.2293283,
				"packets":	2538,
				"omitted":	false,
				"sender":	true
			}
		}, {
			"streams":	[{
					"socket":	6,
					"start":	4.000072,
					"end":	5.000091,
					"seconds":	1.0000189542770386,
					"bytes":	3677920,
					"bits_per_second":	29422802.312053725,
					"packets":	2540,
					"omitted":	false,
					"sender":	true
				}],
			"sum":	{
				"start":	4.000072,
				"end":	5.000091,
				"seconds":	1.0000189542770386,
				"bytes":	3677920,
				"bits_per_second":	29422802.312053725,
				"packets":	2540,
				"omitted":	false,
				"sender":	true
			}
		}, {
			"streams":	[{
					"socket":	6,
					"start":	5.000091,
					"end":	6.00007,
					"seconds":	0.999979019165039,
					"bytes":	3606968,
					"bits_per_second":	28856349.430304971,
					"packets":	2491,
					"omitted":	false,
					"sender":	true
				}],
			"sum":	{
				"start":	5.000091,
				"end":	6.00007,
				"seconds":	0.999979019165039,
				"bytes":	3606968,
				"bits_per_second":	28856349.430304971,
				"packets":	2491,
				"omitted":	false,
				"sender":	true
			}
		}, {
			"streams":	[{
					"socket":	6,
					"start":	6.00007,
					"end":	7.000071,
					"seconds":	1.0000009536743164,
					"bytes":	3675024,
					"bits_per_second":	29400163.961818732,
					"packets":	2538,
					"omitted":	false,
					"sender":	true
				}],
			"sum":	{
				"start":	6.00007,
				"end":	7.000071,
				"seconds":	1.0000009536743164,
				"bytes":	3675024,
				"bits_per_second":	29400163.961818732,
				"packets":	2538,
				"omitted":	false,
				"sender":	true
			}
		}, {
			"streams":	[{
					"socket":	6,
					"start":	7.000071,
					"end":	8.00003,
					"seconds":	0.99995899200439453,
					"bytes":	3606968,
					"bits_per_second":	28856927.36475056,
					"packets":	2491,
					"omitted":	false,
					"sender":	true
				}],
			"sum":	{
				"start":	7.000071,
				"end":	8.00003,
				"seconds":	0.99995899200439453,
				"bytes":	3606968,
				"bits_per_second":	28856927.36475056,
				"packets":	2491,
				"omitted":	false,
				"sender":	true
			}
		}, {
			"streams":	[{
					"socket":	6,
					"start":	8.00003,
					"end":	9.000071,
					"seconds":	1.0000410079956055,
					"bytes":	3676472,
					"bits_per_second":	29410569.9314775,
					"packets":	2539,
					"omitted":	false,
					"sender":	true
				}],
			"sum":	{
				"start":	8.00003,
				"end":	9.000071,
				"seconds":	1.0000410079956055,
				"bytes":	3676472,
				"bits_per_second":	29410569.9314775,
				"packets":	2539,
				"omitted":	false,
				"sender":	true
			}
		}, {
			"streams":	[{
					"socket":	6,
					"start":	9.000071,
					"end":	10.000072,
					"seconds":	1.0000009536743164,
					"bytes":	3608416,
					"bits_per_second":	28867300.469996959,
					"packets":	2492,
					"omitted":	false,
					"sender":	true
				}],
			"sum":	{
				"start":	9.000071,
				"end":	10.000072,
				"seconds":	1.0000009536743164,
				"bytes":	3608416,
				"bits_per_second":	28867300.469996959,
				"packets":	2492,
				"omitted":	false,
				"sender":	true
			}
		}, {
			"streams":	[{
					"socket":	6,
					"start":	10.000072,
					"end":	11.000081,
					"seconds":	1.0000089406967163,
					"bytes":	3676472,
					"bits_per_second":	29411513.040581938,
					"packets":	2539,
					"omitted":	false,
					"sender":	true
				}],
			"sum":	{
				"start":	10.000072,
				"end":	11.000081,
				"seconds":	1.0000089406967163,
				"bytes":	3676472,
				"bits_per_second":	29411513.040581938,
				"packets":	2539,
				"omitted":	false,
				"sender":	true
			}
		}, {
			"streams":	[{
					"socket":	6,
					"start":	11.000081,
					"end":	12.000068,
					"seconds":	0.999987006187439,
					"bytes":	3606968,
					"bits_per_second":	28856118.951000888,
					"packets":	2491,
					"omitted":	false,
					"sender":	true
				}],
			"sum":	{
				"start":	11.000081,
				"end":	12.000068,
				"seconds":	0.999987006187439,
				"bytes":	3606968,
				"bits_per_second":	28856118.951000888,
				"packets":	2491,
				"omitted":	false,
				"sender":	true
			}
		}, {
			"streams":	[{
					"socket":	6,
					"start":	12.000068,
					"end":	13.000075,
					"seconds":	1.0000070333480835,
					"bytes":	3611312,
					"bits_per_second":	28890292.804514471,
					"packets":	2494,
					"omitted":	false,
					"sender":	true
				}],
			"sum":	{
				"start":	12.000068,
				"end":	13.000075,
				"seconds":	1.0000070333480835,
				"bytes":	3611312,
				"bits_per_second":	28890292.804514471,
				"packets":	2494,
				"omitted":	false,
				"sender":	true
			}
		}, {
			"streams":	[{
					"socket":	6,
					"start":	13.000075,
					"end":	14.000069,
					"seconds":	0.99999397993087769,
					"bytes":	3606968,
					"bits_per_second":	28855917.71461923,
					"packets":	2491,
					"omitted":	false,
					"sender":	true
				}],
			"sum":	{
				"start":	13.000075,
				"end":	14.000069,
				"seconds":	0.99999397993087769,
				"bytes":	3606968,
				"bits_per_second":	28855917.71461923,
				"packets":	2491,
				"omitted":	false,
				"sender":	true
			}
		}, {
			"streams":	[{
					"socket":	6,
					"start":	14.000069,
					"end":	15.00007,
					"seconds":	1.0000009536743164,
					"bytes":	3675024,
					"bits_per_second":	29400163.961818732,
					"packets":	2538,
					"omitted":	false,
					"sender":	true
				}],
			"sum":	{
				"start":	14.000069,
				"end":	15.00007,