{
	"start":	{
		"connected":	[{
				"socket":	6,
				"local_host":	"10.0.0.1",
				"local_port":	40339,
				"remote_host":	"10.0.0.2",
				"remote_port":	5203
			}],
		"version":	"iperf 3.16",
		"system_info":	"Linux DESKTOP-1SICFSU 6.6.87.2-microsoft-standard-WSL2+ #1 SMP PREEMPT_DYNAMIC Sat Nov  8 16:12:55 CET 2025 x86_64",
		"timestamp":	{
			"time":	"Sun, 09 Nov 2025 11:50:55 GMT",
			"timesecs":	1762689055
		},
		"connecting_to":	{
			"host":	"10.0.0.2",
			"port":	5203
		},
		"cookie":	"neocro3p3j4u7adh7zizapx4ql45exirvcoc",
		"target_bitrate":	50000000,
		"fq_rate":	0,
		"sock_bufsize":	0,
		"sndbuf_actual":	212992,
		"rcvbuf_actual":	212992,
		"test_start":	{
			"protocol":	"UDP",
			"num_streams":	1,
			"blksize":	1448,
			"omit":	0,
			"duration":	30,
			"bytes":	0,
			"blocks":	0,
			"reverse":	0,
			"tos":	0,
			"target_bitrate":	50000000,
			"bidir":	0,
			"fqrate":	0
		}
	},
	"intervals":	[{
			"streams":	[{
					"socket":	6,
					"start":	0,
					"end":	1.000097,
					"seconds":	1.0000970363616943,
					"bytes":	1362568,
					"bits_per_second":	10899486.353499919,
					"packets":	942,
					"omitted":	false,
					"sender":	true
				}],
			"sum":	{
				"start":	0,
				"end":	1.000097,
				"seconds":	1.0000970363616943,
				"bytes":	1362568,
				"bits_per_second":	10899486.353499919,
				"packets":	942,
				"omitted":	false,
				"sender":	true
			}
		}, {
			"streams":	[{
					"socket":	6,
					"start":	1.000097,
					"end":	2.000095,
					"seconds":	0.99999797344207764,
					"bytes":	1225008,
					"bits_per_second":	9800083.8604375869,
					"packets":	846,
					"omitted":	false,
					"sender":	true
				}],
			"sum":	{
				"start":	1.000097,
				"end":	2.000095,
				"seconds":	0.99999797344207764,
				"bytes":	1225008,
				"bits_per_second":	9800083.8604375869,
				"packets":	846,
				"omitted":	false,
				"sender":	true
			}
		}, {
			"streams":	[{
					"socket":	6,
					"start":	2.000095,
					"end":	3.000085,
					"seconds":	0.99998998641967773,
					"bytes":	1156952,
					"bits_per_second":	9255708.6827823352,
					"packets":	799,
					"omitted":	false,
					"sender":	true
				}],
			"sum":	{
				"start":	2.000095,
				"end":	3.000085,
				"seconds":	0.99998998641967773,
				"bytes":	1156952,
				"bits_per_second":	9255708.6827823352,
				"packets":	799,
				"omitted":	false,
				"sender":	true
			}
		}, {
			"streams":	[{
					"socket":	6,
					"start":	3.000085,
					"end":	4.000072,
					"seconds":	0.999987006187439,
					"bytes":	1225008,
					"bits_per_second":	9800191.34184936,
					"packets":	846,
					"omitted":	false,
					"sender":	true
				}],
			"sum":	{
				"start":	3.000085,
				"end":	4.000072,
				"seconds":	0.999987006187439,
				"bytes":	1225008,
				"bits_per_second":	9800191.34184936,
				"packets":	846,
				"omitted":	false,
				"sender":	true
			}
		}, {
			"streams":	[{
					"socket":	6,
					"start":	4.000072,
					"end":	5.000097,
					"seconds":	1.0000250339508057,
					"bytes":	1225008,
					"bits_per_second":	9799818.6718214657,
					"packets":	846,
					"omitted":	false,
					"sender":	true
				}],
			"sum":	{
				"start":	4.000072,
				"end":	5.000097,
				"seconds":	1.0000250339508057,
				"bytes":	1225008,
				"bits_per_second":	9799818.6718214657,
				"packets":	846,
				"omitted":	false,
				"sender":	true
			}
		}, {
			"streams":	[{
					"socket":	6,
					"start":	5.000097,
					"end":	6.000073,
					"seconds":	0.99997597932815552,
					"bytes":	1225008,
					"bits_per_second":	9800299.4097761,
					"packets":	846,
					"omitted":	false,
					"sender":	true
				}],
			"sum":	{
				"start":	5.000097,
				"end":	6.000073,
				"seconds":	0.99997597932815552,
				"bytes":	1225008,
				"bits_per_second":	9800299.4097761,
				"packets":	846,
				"omitted":	false,
				"sender":	true
			}
		}, {
			"streams":	[{
					"socket":	6,
					"start":	6.000073,
					"end":	7.000092,
					"seconds":	1.0000189542770386,
					"bytes":	1225008,
					"bits_per_second":	9799878.2503927,
					"packets":	846,
					"omitted":	false,
					"sender":	true
				}],
			"sum":	{
				"start":	6.000073,
				"end":	7.000092,
				"seconds":	1.0000189542770386,
				"bytes":	1225008,
				"bits_per_second":	9799878.2503927,
				"packets":	846,
				"omitted":	false,
				"sender":	true
			}
		}, {
			"streams":	[{
					"socket":	6,
					"start":	7.000092,
					"end":	8.000073,
					"seconds":	0.99998098611831665,
					"bytes":	1227904,
					"bits_per_second":	9823418.7813224345,
					"packets":	848,
					"omitted":	false,
					"sender":	true
				}],
			"sum":	{
				"start":	7.000092,
				"end":	8.000073,
				"seconds":	0.99998098611831665,
				"bytes":	1227904,
				"bits_per_second":	9823418.7813224345,
				"packets":	848,
				"omitted":	false,
				"sender":	true
			}
		}, {
			"streams":	[{
					"socket":	6,
					"start":	8.000073,
					"end":	9.000076,
					"seconds":	1.0000029802322388,
					"bytes":	1156952,
					"bits_per_second":	9255588.4161970131,
					"packets":	799,
					"omitted":	false,
					"sender":	true
				}],
			"sum":	{
				"start":	8.000073,
				"end":	9.000076,
				"seconds":	1.0000029802322388,
				"bytes":	1156952,
				"bits_per_second":	9255588.4161970131,
				"packets":	799,
				"omitted":	false,
				"sender":	true
			}
		}, {
			"streams":	[{
					"socket":	6,
					"start":	9.000076,
					"end":	10.000076,
					"seconds":	1,
					"bytes":	1225008,
					"bits_per_second":	9800064,
					"packets":	846,
					"omitted":	false,
					"sender":	true
				}],
			"sum":	{
				"start":	9.000076,
				"end":	10.000076,
				"seconds":	1,
				"bytes":	1225008,
				"bits_per_second":	9800064,
				"packets":	846,
				"omitted":	false,
				"sender":	true
			}
		}, {
			"streams":	[{
					"socket":	6,
					"start":	10.000076,
					"end":	11.000086,
					"seconds":	1.0000100135803223,
					"bytes":	1225008,
					"bits_per_second":	9799965.8672546335,
					"packets":	846,
					"omitted":	false,
					"sender":	true
				}],
			"sum":	{
				"start":	10.000076,
				"end":	11.000086,
				"seconds":	1.0000100135803223,
				"bytes":	1225008,
				"bits_per_second":	9799965.8672546335,
				"packets":	846,
				"omitted":	false,
				"sender":	true
			}
		}, {
			"streams":	[{
					"socket":	6,
					"start":	11.000086,
					"end":	12.000104,
					"seconds":	1.0000180006027222,
					"bytes":	1225008,
					"bits_per_second":	9799887.59611666,
					"packets":	846,
					"omitted":	false,
					"sender":	true
				}],
			"sum":	{
				"start":	11.000086,
				"end":	12.000104,
				"seconds":	1.0000180006027222,
				"bytes":	1225008,
				"bits_per_second":	9799887.59611666,
				"packets":	846,
				"omitted":	false,
				"sender":	true
			}
		}, {
			"streams":	[{
					"socket":	6,
					"start":	12.000104,
					"end":	13.000101,
					"seconds":	0.99999701976776123,
					"bytes":	1227904,
					"bits_per_second":	9823261.2755999435,
					"packets":	848,
					"omitted":	false,
					"sender":	true
				}],
			"sum":	{
				"start":	12.000104,
				"end":	13.000101,
				"seconds":	0.99999701976776123,
				"bytes":	1227904,
				"bits_per_second":	9823261.2755999435,
				"packets":	848,
				"omitted":	false,
				"sender":	true
			}
		}, {
			"streams":	[{
					"socket":	6,
					"start":	13.000101,
					"end":	14.000072,
					"seconds":	0.99997097253799438,
					"bytes":	1156952,
					"bits_per_second":	9255884.67484073,
					"packets":	799,
					"omitted":	false,
					"sender":	true
				}],
			"sum":	{
				"start":	13.000101,
				"end":	14.000072,
				"seconds":	0.99997097253799438,
				"bytes":	1156952,
				"bits_per_second":	9255884.67484073,
				"packets":	799,
				"omitted":	false,
				"sender":	true
			}
		}, {
			"streams":	[{
					"socket":	6,
					"start":	14.000072,
					"end":	15.000082,
					"seconds":	1.0000100135803223,
					"bytes":	1225008,
					"bits_per_second":	9799965.8672546335,
					"packets":	846,
					"omitted":	false,
					"sender":	true
				}],
			"sum":	{
				"start":	14.000072,
				"end":	15.000082,
				"seconds":	1.0000100135803223,