{
	"start":	{
		"connected":	[{
				"socket":	6,
				"local_host":	"10.0.0.1",
				"local_port":	33232,
				"remote_host":	"10.0.0.2",
				"remote_port":	5201
			}],
		"version":	"iperf 3.16",
		"system_info":	"Linux DESKTOP-1SICFSU 6.6.87.2-microsoft-standard-WSL2+ #1 SMP PREEMPT_DYNAMIC Sat Nov  8 16:12:55 CET 2025 x86_64",
		"timestamp":	{
			"time":	"Sun, 09 Nov 2025 11:50:55 GMT",
			"timesecs":	1762689055
		},
		"connecting_to":	{
			"host":	"10.0.0.2",
			"port":	5201
		},
		"cookie":	"sgkvc7lch2bpgwsp7kvmpcn2hncx3bvicpjc",
		"target_bitrate":	50000000,
		"fq_rate":	0,
		"sock_bufsize":	0,
		"sndbuf_actual":	212992,
		"rcvbuf_actual":	212992,
		"test_start":	{
			"protocol":	"UDP",
			"num_streams":	1,
			"blksize":	1448,
			"omit":	0,
			"duration":	30,
			"bytes":	0,
			"blocks":	0,
			"reverse":	0,
			"tos":	184,
			"target_bitrate":	50000000,
			"bidir":	0,
			"fqrate":	0
		}
	},
	"intervals":	[{
			"streams":	[{
					"socket":	6,
					"start":	0,
					"end":	1.000104,
					"seconds":	1.0001039505004883,
					"bytes":	4999944,
					"bits_per_second":	39995394.4587288,
					"packets":	3454,
					"omitted":	false,
					"sender":	true
				}],
			"sum":	{
				"start":	0,
				"end":	1.000104,
				"seconds":	1.0001039505004883,
				"bytes":	4999944,
				"bits_per_second":	39995394.4587288,
				"packets":	3454,
				"omitted":	false,
				"sender":	true
			}
		}, {
			"streams":	[{
					"socket":	6,
					"start":	1.000104,
					"end":	2.000074,
					"seconds":	0.999970018863678,
					"bytes":	4772608,
					"bits_per_second":	38182008.740009084,
					"packets":	3296,
					"omitted":	false,
					"sender":	true
				}],
			"sum":	{
				"start":	1.000104,
				"end":	2.000074,
				"seconds":	0.999970018863678,
				"bytes":	4772608,
				"bits_per_second":	38182008.740009084,
				"packets":	3296,
				"omitted":	false,
				"sender":	true
			}
		}, {
			"streams":	[{
					"socket":	6,
					"start":	2.000074,
					"end":	3.000107,
					"seconds":	1.0000330209732056,
					"bytes":	4901480,
					"bits_per_second":	39210545.2296366,
					"packets":	3385,
					"omitted":	false,
					"sender":	true
				}],
			"sum":	{
				"start":	2.000074,
				"end":	3.000107,
				"seconds":	1.0000330209732056,
				"bytes":	4901480,
				"bits_per_second":	39210545.2296366,
				"packets":	3385,
				"omitted":	false,
				"sender":	true
			}
		}, {
			"streams":	[{
					"socket":	6,
					"start":	3.000107,
					"end":	4.000071,
					"seconds":	0.99996399879455566,
					"bytes":	4833424,
					"bits_per_second":	38668784.1228415,
					"packets":	3338,
					"omitted":	false,
					"sender":	true
				}],
			"sum":	{
				"start":	3.000107,
				"end":	4.000071,
				"seconds":	0.99996399879455566,
				"bytes":	4833424,
				"bits_per_second":	38668784.1228415,
				"packets":	3338,
				"omitted":	false,
				"sender":	true
			}
		}, {
			"streams":	[{
					"socket":	6,
					"start":	4.000071,
					"end":	5.000071,
					"seconds":	1,
					"bytes":	4904376,
					"bits_per_second":	39235008,
					"packets":	3387,
					"omitted":	false,
					"sender":	true
				}],
			"sum":	{
				"start":	4.000071,
				"end":	5.000071,
				"seconds":	1,
				"bytes":	4904376,
				"bits_per_second":	39235008,
				"packets":	3387,
				"omitted":	false,
				"sender":	true
			}
		}, {
			"streams":	[{
					"socket":	6,
					"start":	5.000071,
					"end":	6.000095,
					"seconds":	1.0000239610672,
					"bytes":	4842112,
					"bits_per_second":	38735967.844871424,
					"packets":	3344,
					"omitted":	false,
					"sender":	true
				}],
			"sum":	{
				"start":	5.000071,
				"end":	6.000095,
				"seconds":	1.0000239610672,
				"bytes":	4842112,
				"bits_per_second":	38735967.844871424,
				"packets":	3344,
				"omitted":	false,
				"sender":	true
			}
		}, {
			"streams":	[{
					"socket":	6,
					"start":	6.000095,
					"end":	7.000115,
					"seconds":	1.0000200271606445,
					"bytes":	4833424,
					"bits_per_second":	38666617.6174374,
					"packets":	3338,
					"omitted":	false,
					"sender":	true
				}],
			"sum":	{
				"start":	6.000095,
				"end":	7.000115,
				"seconds":	1.0000200271606445,
				"bytes":	4833424,
				"bits_per_second":	38666617.6174374,
				"packets":	3338,
				"omitted":	false,
				"sender":	true
			}
		}, {
			"streams":	[{
					"socket":	6,
					"start":	7.000115,
					"end":	8.000072,
					"seconds":	0.999957025051117,
					"bytes":	4836320,
					"bits_per_second":	38692222.796296842,
					"packets":	3340,
					"omitted":	false,
					"sender":	true
				}],
			"sum":	{
				"start":	7.000115,
				"end":	8.000072,
				"seconds":	0.999957025051117,
				"bytes":	4836320,
				"bits_per_second":	38692222.796296842,
				"packets":	3340,
				"omitted":	false,
				"sender":	true
			}
		}, {
			"streams":	[{
					"socket":	6,
					"start":	8.000072,
					"end":	9.000051,
					"seconds":	0.999979019165039,
					"bytes":	4901480,
					"bits_per_second":	39212662.7144048,
					"packets":	3385,
					"omitted":	false,
					"sender":	true
				}],
			"sum":	{
				"start":	8.000072,
				"end":	9.000051,
				"seconds":	0.999979019165039,
				"bytes":	4901480,
				"bits_per_second":	39212662.7144048,
				"packets":	3385,
				"omitted":	false,
				"sender":	true
			}
		}, {
			"streams":	[{
					"socket":	6,
					"start":	9.000051,
					"end":	10.000078,
					"seconds":	1.0000269412994385,
					"bytes":	4837768,
					"bits_per_second":	38701101.342040144,
					"packets":	3341,
					"omitted":	false,
					"sender":	true
				}],
			"sum":	{
				"start":	9.000051,
				"end":	10.000078,
				"seconds":	1.0000269412994385,
				"bytes":	4837768,
				"bits_per_second":	38701101.342040144,
				"packets":	3341,
				"omitted":	false,
				"sender":	true
			}
		}, {
			"streams":	[{
					"socket":	6,
					"start":	10.000078,
					"end":	11.000076,
					"seconds":	0.99999797344207764,
					"bytes":	4901480,
					"bits_per_second":	39211919.465226047,
					"packets":	3385,
					"omitted":	false,
					"sender":	true
				}],
			"sum":	{
				"start":	10.000078,
				"end":	11.000076,
				"seconds":	0.99999797344207764,
				"bytes":	4901480,
				"bits_per_second":	39211919.465226047,
				"packets":	3385,
				"omitted":	false,
				"sender":	true
			}
		}, {
			"streams":	[{
					"socket":	6,
					"start":	11.000076,
					"end":	12.000072,
					"seconds":	0.9999960064888,
					"bytes":	4836320,
					"bits_per_second":	38690714.511801735,
					"packets":	3340,
					"omitted":	false,
					"sender":	true
				}],
			"sum":	{
				"start":	11.000076,
				"end":	12.000072,
				"seconds":	0.9999960064888,
				"bytes":	4836320,
				"bits_per_second":	38690714.511801735,
				"packets":	3340,
				"omitted":	false,
				"sender":	true
			}
		}, {
			"streams":	[{
					"socket":	6,
					"start":	12.000072,
					"end":	13.000082,
					"seconds":	1.0000100135803223,
					"bytes":	4714688,
					"bits_per_second":	37717126.3165261,
					"packets":	3256,
					"omitted":	false,
					"sender":	true
				}],
			"sum":	{
				"start":	12.000072,
				"end":	13.000082,
				"seconds":	1.0000100135803223,
				"bytes":	4714688,
				"bits_per_second":	37717126.3165261,
				"packets":	3256,
				"omitted":	false,
				"sender":	true
			}
		}, {
			"streams":	[{
					"socket":	6,
					"start":	13.000082,
					"end":	14.000074,
					"seconds":	0.9999920129776,
					"bytes":	4902928,
					"bits_per_second":	39223737.28086827,
					"packets":	3386,
					"omitted":	false,
					"sender":	true
				}],
			"sum":	{
				"start":	13.000082,
				"end":	14.000074,
				"seconds":	0.9999920129776,
				"bytes":	4902928,
				"bits_per_second":	39223737.28086827,
				"packets":	3386,
				"omitted":	false,
				"sender":	true
			}
		}, {
			"streams":	[{
					"socket":	6,
					"start":	14.000074,
					"end":	15.000074,
					"seconds":	1,
					"bytes":	4836320,
					"bits_per_second":	38690560,
					"packets":	3340,
					"omitted":	false,
					"sender":	true
				}],
			"sum":	{
				"start":	14.000074,
				"end":	15.000074,
				"seconds":	1,
				"bytes":	4836320,