{
	"start":	{
		"connected":	[{
				"socket":	6,
				"local_host":	"10.0.0.1",
				"local_port":	45238,
				"remote_host":	"10.0.0.2",
				"remote_port":	5202
			}],
		"version":	"iperf 3.16",
		"system_info":	"Linux DESKTOP-1SICFSU 6.6.87.2-microsoft-standard-WSL2+ #1 SMP PREEMPT_DYNAMIC Sat Nov  8 16:12:55 CET 2025 x86_64",
		"timestamp":	{
			"time":	"Sun, 09 Nov 2025 10:21:58 GMT",
			"timesecs":	1762683718
		},
		"connecting_to":	{
			"host":	"10.0.0.2",
			"port":	5202
		},
		"cookie":	"4vydkidjejqaar5cgfulxxpd5bddcrnjxa6v",
		"target_bitrate":	40000000,
		"fq_rate":	0,
		"sock_bufsize":	0,
		"sndbuf_actual":	212992,
		"rcvbuf_actual":	212992,
		"test_start":	{
			"protocol":	"UDP",
			"num_streams":	1,
			"blksize":	1448,
			"omit":	0,
			"duration":	30,
			"bytes":	0,
			"blocks":	0,
			"reverse":	0,
			"tos":	104,
			"target_bitrate":	40000000,
			"bidir":	0,
			"fqrate":	0
		}
	},
	"intervals":	[{
			"streams":	[{
					"socket":	6,
					"start":	0,
					"end":	1.000122,
					"seconds":	1.0001219511032104,
					"bytes":	4995600,
					"bits_per_second":	39959926.8428373,
					"packets":	3450,
					"omitted":	false,
					"sender":	true
				}],
			"sum":	{
				"start":	0,
				"end":	1.000122,
				"seconds":	1.0001219511032104,
				"bytes":	4995600,
				"bits_per_second":	39959926.8428373,
				"packets":	3450,
				"omitted":	false,
				"sender":	true
			}
		}, {
			"streams":	[{
					"socket":	6,
					"start":	1.000122,
					"end":	2.000122,
					"seconds":	1,
					"bytes":	5004288,
					"bits_per_second":	40034304,
					"packets":	3456,
					"omitted":	false,
					"sender":	true
				}],
			"sum":	{
				"start":	1.000122,
				"end":	2.000122,
				"seconds":	1,
				"bytes":	5004288,
				"bits_per_second":	40034304,
				"packets":	3456,
				"omitted":	false,
				"sender":	true
			}
		}, {
			"streams":	[{
					"socket":	6,
					"start":	2.000122,
					"end":	3.00021,
					"seconds":	1.0000879764556885,
					"bytes":	4997048,
					"bits_per_second":	39972867.3288087,
					"packets":	3451,
					"omitted":	false,
					"sender":	true
				}],
			"sum":	{
				"start":	2.000122,
				"end":	3.00021,
				"seconds":	1.0000879764556885,
				"bytes":	4997048,
				"bits_per_second":	39972867.3288087,
				"packets":	3451,
				"omitted":	false,
				"sender":	true
			}
		}, {
			"streams":	[{
					"socket":	6,
					"start":	3.00021,
					"end":	4.000148,
					"seconds":	0.99993801116943359,
					"bytes":	4999944,
					"bits_per_second":	40002031.679164074,
					"packets":	3453,
					"omitted":	false,
					"sender":	true
				}],
			"sum":	{
				"start":	3.00021,
				"end":	4.000148,
				"seconds":	0.99993801116943359,
				"bytes":	4999944,
				"bits_per_second":	40002031.679164074,
				"packets":	3453,
				"omitted":	false,
				"sender":	true
			}
		}, {
			"streams":	[{
					"socket":	6,
					"start":	4.000148,
					"end":	5.000143,
					"seconds":	0.999994993209839,
					"bytes":	4999944,
					"bits_per_second":	39999752.270366117,
					"packets":	3453,
					"omitted":	false,
					"sender":	true
				}],
			"sum":	{
				"start":	4.000148,
				"end":	5.000143,
				"seconds":	0.999994993209839,
				"bytes":	4999944,
				"bits_per_second":	39999752.270366117,
				"packets":	3453,
				"omitted":	false,
				"sender":	true
			}
		}, {
			"streams":	[{
					"socket":	6,
					"start":	5.000143,
					"end":	6.000097,
					"seconds":	0.9999539852142334,
					"bytes":	4999944,
					"bits_per_second":	40001392.6555134,
					"packets":	3453,
					"omitted":	false,
					"sender":	true
				}],
			"sum":	{
				"start":	5.000143,
				"end":	6.000097,
				"seconds":	0.9999539852142334,
				"bytes":	4999944,
				"bits_per_second":	40001392.6555134,
				"packets":	3453,
				"omitted":	false,
				"sender":	true
			}
		}, {
			"streams":	[{
					"socket":	6,
					"start":	6.000097,
					"end":	7.000099,
					"seconds":	1.0000020265579224,
					"bytes":	4999944,
					"bits_per_second":	39999470.938755281,
					"packets":	3453,
					"omitted":	false,
					"sender":	true
				}],
			"sum":	{
				"start":	6.000097,
				"end":	7.000099,
				"seconds":	1.0000020265579224,
				"bytes":	4999944,
				"bits_per_second":	39999470.938755281,
				"packets":	3453,
				"omitted":	false,
				"sender":	true
			}
		}, {
			"streams":	[{
					"socket":	6,
					"start":	7.000099,
					"end":	8.000087,
					"seconds":	0.9999880194664,
					"bytes":	4999944,
					"bits_per_second":	40000031.221718051,
					"packets":	3453,
					"omitted":	false,
					"sender":	true
				}],
			"sum":	{
				"start":	7.000099,
				"end":	8.000087,
				"seconds":	0.9999880194664,
				"bytes":	4999944,
				"bits_per_second":	40000031.221718051,
				"packets":	3453,
				"omitted":	false,
				"sender":	true
			}
		}, {
			"streams":	[{
					"socket":	6,
					"start":	8.000087,
					"end":	9.000086,
					"seconds":	0.99999898672103882,
					"bytes":	4999944,
					"bits_per_second":	39999592.530745566,
					"packets":	3453,
					"omitted":	false,
					"sender":	true
				}],
			"sum":	{
				"start":	8.000087,
				"end":	9.000086,
				"seconds":	0.99999898672103882,
				"bytes":	4999944,
				"bits_per_second":	39999592.530745566,
				"packets":	3453,
				"omitted":	false,
				"sender":	true
			}
		}, {
			"streams":	[{
					"socket":	6,
					"start":	9.000086,
					"end":	10.000101,
					"seconds":	1.0000150203704834,
					"bytes":	4999944,
					"bits_per_second":	39998951.200934015,
					"packets":	3453,
					"omitted":	false,
					"sender":	true
				}],
			"sum":	{
				"start":	9.000086,
				"end":	10.000101,
				"seconds":	1.0000150203704834,
				"bytes":	4999944,
				"bits_per_second":	39998951.200934015,
				"packets":	3453,
				"omitted":	false,
				"sender":	true
			}
		}, {
			"streams":	[{
					"socket":	6,
					"start":	10.000101,
					"end":	11.000072,
					"seconds":	0.99997097253799438,
					"bytes":	4999944,
					"bits_per_second":	40000713.119180262,
					"packets":	3453,
					"omitted":	false,
					"sender":	true
				}],
			"sum":	{
				"start":	10.000101,
				"end":	11.000072,
				"seconds":	0.99997097253799438,
				"bytes":	4999944,
				"bits_per_second":	40000713.119180262,
				"packets":	3453,
				"omitted":	false,
				"sender":	true
			}
		}, {
			"streams":	[{
					"socket":	6,
					"start":	11.000072,
					"end":	12.000083,
					"seconds":	1.0000109672546387,
					"bytes":	4999944,
					"bits_per_second":	39999113.3195389,
					"packets":	3453,
					"omitted":	false,
					"sender":	true
				}],
			"sum":	{
				"start":	11.000072,
				"end":	12.000083,
				"seconds":	1.0000109672546387,
				"bytes":	4999944,
				"bits_per_second":	39999113.3195389,
				"packets":	3453,
				"omitted":	false,
				"sender":	true
			}
		}, {
			"streams":	[{
					"socket":	6,
					"start":	12.000083,
					"end":	13.000074,
					"seconds":	0.999990999698639,
					"bytes":	4999944,
					"bits_per_second":	39999912.011262521,
					"packets":	3453,
					"omitted":	false,
					"sender":	true
				}],
			"sum":	{
				"start":	12.000083,
				"end":	13.000074,
				"seconds":	0.999990999698639,
				"bytes":	4999944,
				"bits_per_second":	39999912.011262521,
				"packets":	3453,
				"omitted":	false,
				"sender":	true
			}
		}, {
			"streams":	[{
					"socket":	6,
					"start":	13.000074,
					"end":	14.00008,
					"seconds":	1.0000059604644775,
					"bytes":	4999944,
					"bits_per_second":	39999313.585512251,
					"packets":	3453,
					"omitted":	false,
					"sender":	true
				}],
			"sum":	{
				"start":	13.000074,
				"end":	14.00008,
				"seconds":	1.0000059604644775,
				"bytes":	4999944,
				"bits_per_second":	39999313.585512251,
				"packets":	3453,
				"omitted":	false,
				"sender":	true
			}
		}, {
			"streams":	[{
					"socket":	6,
					"start":	14.00008,
					"end":	15.000113,
					"seconds":	1.0000330209732056,
					"bytes":	5001392,
					"bits_per_second":	40009814.836976312,
					"packets":	3454,
					"omitted":	false,
					"sender":	true
				}],
			"sum":	{
				"start":	14.00008,
				"end":	15.000113,