{
	"start":	{
		"connected":	[{
				"socket":	6,
				"local_host":	"10.0.0.1",
				"local_port":	48810,
				"remote_host":	"10.0.0.2",
				"remote_port":	5202
			}],
		"version":	"iperf 3.16",
		"system_info":	"Linux DESKTOP-1SICFSU 6.6.87.2-microsoft-standard-WSL2+ #1 SMP PREEMPT_DYNAMIC Sat Nov  8 16:12:55 CET 2025 x86_64",
		"timestamp":	{
			"time":	"Sun, 09 Nov 2025 09:56:58 GMT",
			"timesecs":	1762682218
		},
		"connecting_to":	{
			"host":	"10.0.0.2",
			"port":	5202
		},
		"cookie":	"r3q7kpkxaxc5pavbvh34dn3wztt26nfcjiqj",
		"target_bitrate":	40000000,
		"fq_rate":	0,
		"sock_bufsize":	0,
		"sndbuf_actual":	212992,
		"rcvbuf_actual":	212992,
		"test_start":	{
			"protocol":	"UDP",
			"num_streams":	1,
			"blksize":	1448,
			"omit":	0,
			"duration":	30,
			"bytes":	0,
			"blocks":	0,
			"reverse":	0,
			"tos":	104,
			"target_bitrate":	40000000,
			"bidir":	0,
			"fqrate":	0
		}
	},
	"intervals":	[{
			"streams":	[{
					"socket":	6,
					"start":	0,
					"end":	1.009997,
					"seconds":	1.0099970102310181,
					"bytes":	4989808,
					"bits_per_second":	39523348.678893015,
					"packets":	3446,
					"omitted":	false,
					"sender":	true
				}],
			"sum":	{
				"start":	0,
				"end":	1.009997,
				"seconds":	1.0099970102310181,
				"bytes":	4989808,
				"bits_per_second":	39523348.678893015,
				"packets":	3446,
				"omitted":	false,
				"sender":	true
			}
		}, {
			"streams":	[{
					"socket":	6,
					"start":	1.009997,
					"end":	2.0001,
					"seconds":	0.990103006362915,
					"bytes":	5008632,
					"bits_per_second":	40469583.2075001,
					"packets":	3459,
					"omitted":	false,
					"sender":	true
				}],
			"sum":	{
				"start":	1.009997,
				"end":	2.0001,
				"seconds":	0.990103006362915,
				"bytes":	5008632,
				"bits_per_second":	40469583.2075001,
				"packets":	3459,
				"omitted":	false,
				"sender":	true
			}
		}, {
			"streams":	[{
					"socket":	6,
					"start":	2.0001,
					"end":	3.001667,
					"seconds":	1.001567006111145,
					"bytes":	5004288,
					"bits_per_second":	39971668.15173357,
					"packets":	3456,
					"omitted":	false,
					"sender":	true
				}],
			"sum":	{
				"start":	2.0001,
				"end":	3.001667,
				"seconds":	1.001567006111145,
				"bytes":	5004288,
				"bits_per_second":	39971668.15173357,
				"packets":	3456,
				"omitted":	false,
				"sender":	true
			}
		}, {
			"streams":	[{
					"socket":	6,
					"start":	3.001667,
					"end":	4.000072,
					"seconds":	0.99840497970581055,
					"bytes":	4994152,
					"bits_per_second":	40017043.997289151,
					"packets":	3449,
					"omitted":	false,
					"sender":	true
				}],
			"sum":	{
				"start":	3.001667,
				"end":	4.000072,
				"seconds":	0.99840497970581055,
				"bytes":	4994152,
				"bits_per_second":	40017043.997289151,
				"packets":	3449,
				"omitted":	false,
				"sender":	true
			}
		}, {
			"streams":	[{
					"socket":	6,
					"start":	4.000072,
					"end":	5.000079,
					"seconds":	1.0000070333480835,
					"bytes":	4999944,
					"bits_per_second":	39999270.671206281,
					"packets":	3453,
					"omitted":	false,
					"sender":	true
				}],
			"sum":	{
				"start":	4.000072,
				"end":	5.000079,
				"seconds":	1.0000070333480835,
				"bytes":	4999944,
				"bits_per_second":	39999270.671206281,
				"packets":	3453,
				"omitted":	false,
				"sender":	true
			}
		}, {
			"streams":	[{
					"socket":	6,
					"start":	5.000079,
					"end":	6.000086,
					"seconds":	1.0000070333480835,
					"bytes":	4999944,
					"bits_per_second":	39999270.671206281,
					"packets":	3453,
					"omitted":	false,
					"sender":	true
				}],
			"sum":	{
				"start":	5.000079,
				"end":	6.000086,
				"seconds":	1.0000070333480835,
				"bytes":	4999944,
				"bits_per_second":	39999270.671206281,
				"packets":	3453,
				"omitted":	false,
				"sender":	true
			}
		}, {
			"streams":	[{
					"socket":	6,
					"start":	6.000086,
					"end":	7.000091,
					"seconds":	1.0000050067901611,
					"bytes":	4999944,
					"bits_per_second":	39999351.7316393,
					"packets":	3453,
					"omitted":	false,
					"sender":	true
				}],
			"sum":	{
				"start":	6.000086,
				"end":	7.000091,
				"seconds":	1.0000050067901611,
				"bytes":	4999944,
				"bits_per_second":	39999351.7316393,
				"packets":	3453,
				"omitted":	false,
				"sender":	true
			}
		}, {
			"streams":	[{
					"socket":	6,
					"start":	7.000091,
					"end":	8.000088,
					"seconds":	0.99999701976776123,
					"bytes":	4999944,
					"bits_per_second":	39999671.208309673,
					"packets":	3453,
					"omitted":	false,
					"sender":	true
				}],
			"sum":	{
				"start":	7.000091,
				"end":	8.000088,
				"seconds":	0.99999701976776123,
				"bytes":	4999944,
				"bits_per_second":	39999671.208309673,
				"packets":	3453,
				"omitted":	false,
				"sender":	true
			}
		}, {
			"streams":	[{
					"socket":	6,
					"start":	8.000088,
					"end":	9.000078,
					"seconds":	0.99998998641967773,
					"bytes":	4999944,
					"bits_per_second":	39999952.54273767,
					"packets":	3453,
					"omitted":	false,
					"sender":	true
				}],
			"sum":	{
				"start":	8.000088,
				"end":	9.000078,
				"seconds":	0.99998998641967773,
				"bytes":	4999944,
				"bits_per_second":	39999952.54273767,
				"packets":	3453,
				"omitted":	false,
				"sender":	true
			}
		}, {
			"streams":	[{
					"socket":	6,
					"start":	9.000078,
					"end":	10.000092,
					"seconds":	1.0000139474868774,
					"bytes":	4999944,
					"bits_per_second":	39998994.11455448,
					"packets":	3453,
					"omitted":	false,
					"sender":	true
				}],
			"sum":	{
				"start":	9.000078,
				"end":	10.000092,
				"seconds":	1.0000139474868774,
				"bytes":	4999944,
				"bits_per_second":	39998994.11455448,
				"packets":	3453,
				"omitted":	false,
				"sender":	true
			}
		}, {
			"streams":	[{
					"socket":	6,
					"start":	10.000092,
					"end":	11.000096,
					"seconds":	1.0000040531158447,
					"bytes":	4999944,
					"bits_per_second":	39999389.8778391,
					"packets":	3453,
					"omitted":	false,
					"sender":	true
				}],
			"sum":	{
				"start":	10.000092,
				"end":	11.000096,
				"seconds":	1.0000040531158447,
				"bytes":	4999944,
				"bits_per_second":	39999389.8778391,
				"packets":	3453,
				"omitted":	false,
				"sender":	true
			}
		}, {
			"streams":	[{
					"socket":	6,
					"start":	11.000096,
					"end":	12.000074,
					"seconds":	0.999978005886078,
					"bytes":	4999944,
					"bits_per_second":	40000431.774053372,
					"packets":	3453,
					"omitted":	false,
					"sender":	true
				}],
			"sum":	{
				"start":	11.000096,
				"end":	12.000074,
				"seconds":	0.999978005886078,
				"bytes":	4999944,
				"bits_per_second":	40000431.774053372,
				"packets":	3453,
				"omitted":	false,
				"sender":	true
			}
		}, {
			"streams":	[{
					"socket":	6,
					"start":	12.000074,
					"end":	13.000088,
					"seconds":	1.0000139474868774,
					"bytes":	4999944,
					"bits_per_second":	39998994.11455448,
					"packets":	3453,
					"omitted":	false,
					"sender":	true
				}],
			"sum":	{
				"start":	12.000074,
				"end":	13.000088,
				"seconds":	1.0000139474868774,
				"bytes":	4999944,
				"bits_per_second":	39998994.11455448,
				"packets":	3453,
				"omitted":	false,
				"sender":	true
			}
		}, {
			"streams":	[{
					"socket":	6,
					"start":	13.000088,
					"end":	14.000088,
					"seconds":	1,
					"bytes":	4999944,
					"bits_per_second":	39999552,
					"packets":	3453,
					"omitted":	false,
					"sender":	true
				}],
			"sum":	{
				"start":	13.000088,
				"end":	14.000088,
				"seconds":	1,
				"bytes":	4999944,
				"bits_per_second":	39999552,
				"packets":	3453,
				"omitted":	false,
				"sender":	true
			}
		}, {
			"streams":	[{
					"socket":	6,
					"start":	14.000088,
					"end":	15.000096,
					"seconds":	1.0000079870224,
					"bytes":	4999944,
					"bits_per_second":	39999232.525233842,
					"packets":	3453,
					"omitted":	false,
					"sender":	true
				}],
			"sum":	{
				"start":	14.000088,
				"end":	15.000096,