{
	"start":	{
		"connected":	[{
				"socket":	6,
				"local_host":	"10.0.0.1",
				"local_port":	50029,
				"remote_host":	"10.0.0.2",
				"remote_port":	5201
			}],
		"version":	"iperf 3.16",
		"system_info":	"Linux DESKTOP-1SICFSU 6.6.87.2-microsoft-standard-WSL2+ #1 SMP PREEMPT_DYNAMIC Sat Nov  8 16:12:55 CET 2025 x86_64",
		"timestamp":	{
			"time":	"Sun, 09 Nov 2025 09:56:58 GMT",
			"timesecs":	1762682218
		},
		"connecting_to":	{
			"host":	"10.0.0.2",
			"port":	5201
		},
		"cookie":	"3vn4uspw353qxqsq355dr6pqoys5g4egdbfc",
		"target_bitrate":	40000000,
		"fq_rate":	0,
		"sock_bufsize":	0,
		"sndbuf_actual":	212992,
		"rcvbuf_actual":	212992,
		"test_start":	{
			"protocol":	"UDP",
			"num_streams":	1,
			"blksize":	1448,
			"omit":	0,
			"duration":	30,
			"bytes":	0,
			"blocks":	0,
			"reverse":	0,
			"tos":	184,
			"target_bitrate":	40000000,
			"bidir":	0,
			"fqrate":	0
		}
	},
	"intervals":	[{
			"streams":	[{
					"socket":	6,
					"start":	0,
					"end":	1.000106,
					"seconds":	1.0001059770584106,
					"bytes":	4846456,
					"bits_per_second":	38767539.530198768,
					"packets":	3348,
					"omitted":	false,
					"sender":	true
				}],
			"sum":	{
				"start":	0,
				"end":	1.000106,
				"seconds":	1.0001059770584106,
				"bytes":	4846456,
				"bits_per_second":	38767539.530198768,
				"packets":	3348,
				"omitted":	false,
				"sender":	true
			}
		}, {
			"streams":	[{
					"socket":	6,
					"start":	1.000106,
					"end":	2.000094,
					"seconds":	0.9999880194664,
					"bytes":	5150536,
					"bits_per_second":	41204781.6552711,
					"packets":	3556,
					"omitted":	false,
					"sender":	true
				}],
			"sum":	{
				"start":	1.000106,
				"end":	2.000094,
				"seconds":	0.9999880194664,
				"bytes":	5150536,
				"bits_per_second":	41204781.6552711,
				"packets":	3556,
				"omitted":	false,
				"sender":	true
			}
		}, {
			"streams":	[{
					"socket":	6,
					"start":	2.000094,
					"end":	3.002736,
					"seconds":	1.002642035484314,
					"bytes":	5015872,
					"bits_per_second":	40021238.467841774,
					"packets":	3465,
					"omitted":	false,
					"sender":	true
				}],
			"sum":	{
				"start":	2.000094,
				"end":	3.002736,
				"seconds":	1.002642035484314,
				"bytes":	5015872,
				"bits_per_second":	40021238.467841774,
				"packets":	3465,
				"omitted":	false,
				"sender":	true
			}
		}, {
			"streams":	[{
					"socket":	6,
					"start":	3.002736,
					"end":	4.000092,
					"seconds":	0.99735599756240845,
					"bytes":	4982568,
					"bits_per_second":	39966214.769271262,
					"packets":	3440,
					"omitted":	false,
					"sender":	true
				}],
			"sum":	{
				"start":	3.002736,
				"end":	4.000092,
				"seconds":	0.99735599756240845,
				"bytes":	4982568,
				"bits_per_second":	39966214.769271262,
				"packets":	3440,
				"omitted":	false,
				"sender":	true
			}
		}, {
			"streams":	[{
					"socket":	6,
					"start":	4.000092,
					"end":	5.000136,
					"seconds":	1.0000439882278442,
					"bytes":	5001392,
					"bits_per_second":	40009376.058450036,
					"packets":	3454,
					"omitted":	false,
					"sender":	true
				}],
			"sum":	{
				"start":	4.000092,
				"end":	5.000136,
				"seconds":	1.0000439882278442,
				"bytes":	5001392,
				"bits_per_second":	40009376.058450036,
				"packets":	3454,
				"omitted":	false,
				"sender":	true
			}
		}, {
			"streams":	[{
					"socket":	6,
					"start":	5.000136,
					"end":	6.000088,
					"seconds":	0.99995201826095581,
					"bytes":	4999944,
					"bits_per_second":	40001471.34015923,
					"packets":	3453,
					"omitted":	false,
					"sender":	true
				}],
			"sum":	{
				"start":	5.000136,
				"end":	6.000088,
				"seconds":	0.99995201826095581,
				"bytes":	4999944,
				"bits_per_second":	40001471.34015923,
				"packets":	3453,
				"omitted":	false,
				"sender":	true
			}
		}, {
			"streams":	[{
					"socket":	6,
					"start":	6.000088,
					"end":	7.000088,
					"seconds":	1,
					"bytes":	4999944,
					"bits_per_second":	39999552,
					"packets":	3453,
					"omitted":	false,
					"sender":	true
				}],
			"sum":	{
				"start":	6.000088,
				"end":	7.000088,
				"seconds":	1,
				"bytes":	4999944,
				"bits_per_second":	39999552,
				"packets":	3453,
				"omitted":	false,
				"sender":	true
			}
		}, {
			"streams":	[{
					"socket":	6,
					"start":	7.000088,
					"end":	8.000086,
					"seconds":	0.99999797344207764,
					"bytes":	4999944,
					"bits_per_second":	39999633.061573274,
					"packets":	3453,
					"omitted":	false,
					"sender":	true
				}],
			"sum":	{
				"start":	7.000088,
				"end":	8.000086,
				"seconds":	0.99999797344207764,
				"bytes":	4999944,
				"bits_per_second":	39999633.061573274,
				"packets":	3453,
				"omitted":	false,
				"sender":	true
			}
		}, {
			"streams":	[{
					"socket":	6,
					"start":	8.000086,
					"end":	9.000112,
					"seconds":	1.0000259876251221,
					"bytes":	4999944,
					"bits_per_second":	39998512.533650838,
					"packets":	3453,
					"omitted":	false,
					"sender":	true
				}],
			"sum":	{
				"start":	8.000086,
				"end":	9.000112,
				"seconds":	1.0000259876251221,
				"bytes":	4999944,
				"bits_per_second":	39998512.533650838,
				"packets":	3453,
				"omitted":	false,
				"sender":	true
			}
		}, {
			"streams":	[{
					"socket":	6,
					"start":	9.000112,
					"end":	10.000103,
					"seconds":	0.999990999698639,
					"bytes":	4999944,
					"bits_per_second":	39999912.011262521,
					"packets":	3453,
					"omitted":	false,
					"sender":	true
				}],
			"sum":	{
				"start":	9.000112,
				"end":	10.000103,
				"seconds":	0.999990999698639,
				"bytes":	4999944,
				"bits_per_second":	39999912.011262521,
				"packets":	3453,
				"omitted":	false,
				"sender":	true
			}
		}, {
			"streams":	[{
					"socket":	6,
					"start":	10.000103,
					"end":	11.000116,
					"seconds":	1.000012993812561,
					"bytes":	4999944,
					"bits_per_second":	39999032.260072187,
					"packets":	3453,
					"omitted":	false,
					"sender":	true
				}],
			"sum":	{
				"start":	10.000103,
				"end":	11.000116,
				"seconds":	1.000012993812561,
				"bytes":	4999944,
				"bits_per_second":	39999032.260072187,
				"packets":	3453,
				"omitted":	false,
				"sender":	true
			}
		}, {
			"streams":	[{
					"socket":	6,
					"start":	11.000116,
					"end":	12.000092,
					"seconds":	0.99997597932815552,
					"bytes":	4999944,
					"bits_per_second":	40000512.839192525,
					"packets":	3453,
					"omitted":	false,
					"sender":	true
				}],
			"sum":	{
				"start":	11.000116,
				"end":	12.000092,
				"seconds":	0.99997597932815552,
				"bytes":	4999944,
				"bits_per_second":	40000512.839192525,
				"packets":	3453,
				"omitted":	false,
				"sender":	true
			}
		}, {
			"streams":	[{
					"socket":	6,
					"start":	12.000092,
					"end":	13.000093,
					"seconds":	1.0000009536743164,
					"bytes":	4999944,
					"bits_per_second":	39999513.853490971,
					"packets":	3453,
					"omitted":	false,
					"sender":	true
				}],
			"sum":	{
				"start":	12.000092,
				"end":	13.000093,
				"seconds":	1.0000009536743164,
				"bytes":	4999944,
				"bits_per_second":	39999513.853490971,
				"packets":	3453,
				"omitted":	false,
				"sender":	true
			}
		}, {
			"streams":	[{
					"socket":	6,
					"start":	13.000093,
					"end":	14.000084,
					"seconds":	0.999990999698639,
					"bytes":	4999944,
					"bits_per_second":	39999912.011262521,
					"packets":	3453,
					"omitted":	false,
					"sender":	true
				}],
			"sum":	{
				"start":	13.000093,
				"end":	14.000084,
				"seconds":	0.999990999698639,
				"bytes":	4999944,
				"bits_per_second":	39999912.011262521,
				"packets":	3453,
				"omitted":	false,
				"sender":	true
			}
		}, {
			"streams":	[{
					"socket":	6,
					"start":	14.000084,
					"end":	15.000088,
					"seconds":	1.0000040531158447,
					"bytes":	4999944,
					"bits_per_second":	39999389.8778391,
					"packets":	3453,
					"omitted":	false,
					"sender":	true
				}],
			"sum":	{
				"start":	14.000084,
				"end":	15.000088,