{
	"start":	{
		"connected":	[{
				"socket":	6,
				"local_host":	"10.0.0.1",
				"local_port":	37028,
				"remote_host":	"10.0.0.2",
				"remote_port":	5201
			}],
		"version":	"iperf 3.16",
		"system_info":	"Linux DESKTOP-1SICFSU 6.6.87.2-microsoft-standard-WSL2+ #1 SMP PREEMPT_DYNAMIC Sat Nov  8 16:12:55 CET 2025 x86_64",
		"timestamp":	{
			"time":	"Sun, 09 Nov 2025 12:04:53 GMT",
			"timesecs":	1762689893
		},
		"connecting_to":	{
			"host":	"10.0.0.2",
			"port":	5201
		},
		"cookie":	"jsvd3kxbq2v267cipwcodtkaq4tqd722bcaw",
		"target_bitrate":	50000000,
		"fq_rate":	0,
		"sock_bufsize":	0,
		"sndbuf_actual":	212992,
		"rcvbuf_actual":	212992,
		"test_start":	{
			"protocol":	"UDP",
			"num_streams":	1,
			"blksize":	1448,
			"omit":	0,
			"duration":	30,
			"bytes":	0,
			"blocks":	0,
			"reverse":	0,
			"tos":	184,
			"target_bitrate":	50000000,
			"bidir":	0,
			"fqrate":	0
		}
	},
	"intervals":	[{
			"streams":	[{
					"socket":	6,
					"start":	0,
					"end":	1.000082,
					"seconds":	1.0000820159912109,
					"bytes":	6245224,
					"bits_per_second":	49957694.670153014,
					"packets":	4313,
					"omitted":	false,
					"sender":	true
				}],
			"sum":	{
				"start":	0,
				"end":	1.000082,
				"seconds":	1.0000820159912109,
				"bytes":	6245224,
				"bits_per_second":	49957694.670153014,
				"packets":	4313,
				"omitted":	false,
				"sender":	true
			}
		}, {
			"streams":	[{
					"socket":	6,
					"start":	1.000082,
					"end":	2.000072,
					"seconds":	0.99998998641967773,
					"bytes":	6249568,
					"bits_per_second":	49997044.649422474,
					"packets":	4316,
					"omitted":	false,
					"sender":	true
				}],
			"sum":	{
				"start":	1.000082,
				"end":	2.000072,
				"seconds":	0.99998998641967773,
				"bytes":	6249568,
				"bits_per_second":	49997044.649422474,
				"packets":	4316,
				"omitted":	false,
				"sender":	true
			}
		}, {
			"streams":	[{
					"socket":	6,
					"start":	2.000072,
					"end":	3.000097,
					"seconds":	1.0000250339508057,
					"bytes":	6249568,
					"bits_per_second":	49995292.420309037,
					"packets":	4316,
					"omitted":	false,
					"sender":	true
				}],
			"sum":	{
				"start":	2.000072,
				"end":	3.000097,
				"seconds":	1.0000250339508057,
				"bytes":	6249568,
				"bits_per_second":	49995292.420309037,
				"packets":	4316,
				"omitted":	false,
				"sender":	true
			}
		}, {
			"streams":	[{
					"socket":	6,
					"start":	3.000097,
					"end":	4.000089,
					"seconds":	0.9999920129776,
					"bytes":	6251016,
					"bits_per_second":	50008527.41922868,
					"packets":	4317,
					"omitted":	false,
					"sender":	true
				}],
			"sum":	{
				"start":	3.000097,
				"end":	4.000089,
				"seconds":	0.9999920129776,
				"bytes":	6251016,
				"bits_per_second":	50008527.41922868,
				"packets":	4317,
				"omitted":	false,
				"sender":	true
			}
		}, {
			"streams":	[{
					"socket":	6,
					"start":	4.000089,
					"end":	5.000098,
					"seconds":	1.0000089406967163,
					"bytes":	6249568,
					"bits_per_second":	49996097.000059724,
					"packets":	4316,
					"omitted":	false,
					"sender":	true
				}],
			"sum":	{
				"start":	4.000089,
				"end":	5.000098,
				"seconds":	1.0000089406967163,
				"bytes":	6249568,
				"bits_per_second":	49996097.000059724,
				"packets":	4316,
				"omitted":	false,
				"sender":	true
			}
		}, {
			"streams":	[{
					"socket":	6,
					"start":	5.000098,
					"end":	6.000095,
					"seconds":	0.99999701976776123,
					"bytes":	6249568,
					"bits_per_second":	49996693.001756318,
					"packets":	4316,
					"omitted":	false,
					"sender":	true
				}],
			"sum":	{
				"start":	5.000098,
				"end":	6.000095,
				"seconds":	0.99999701976776123,
				"bytes":	6249568,
				"bits_per_second":	49996693.001756318,
				"packets":	4316,
				"omitted":	false,
				"sender":	true
			}
		}, {
			"streams":	[{
					"socket":	6,
					"start":	6.000095,
					"end":	7.000079,
					"seconds":	0.9999840259552002,
					"bytes":	6251016,
					"bits_per_second":	50008926.8448378,
					"packets":	4317,
					"omitted":	false,
					"sender":	true
				}],
			"sum":	{
				"start":	6.000095,
				"end":	7.000079,
				"seconds":	0.9999840259552002,
				"bytes":	6251016,
				"bits_per_second":	50008926.8448378,
				"packets":	4317,
				"omitted":	false,
				"sender":	true
			}
		}, {
			"streams":	[{
					"socket":	6,
					"start":	7.000079,
					"end":	8.000088,
					"seconds":	1.0000089406967163,
					"bytes":	6249568,
					"bits_per_second":	49996097.000059724,
					"packets":	4316,
					"omitted":	false,
					"sender":	true
				}],
			"sum":	{
				"start":	7.000079,
				"end":	8.000088,
				"seconds":	1.0000089406967163,
				"bytes":	6249568,
				"bits_per_second":	49996097.000059724,
				"packets":	4316,
				"omitted":	false,
				"sender":	true
			}
		}, {
			"streams":	[{
					"socket":	6,
					"start":	8.000088,
					"end":	9.000096,
					"seconds":	1.0000079870224,
					"bytes":	6249568,
					"bits_per_second":	49996144.679672532,
					"packets":	4316,
					"omitted":	false,
					"sender":	true
				}],
			"sum":	{
				"start":	8.000088,
				"end":	9.000096,
				"seconds":	1.0000079870224,
				"bytes":	6249568,
				"bits_per_second":	49996144.679672532,
				"packets":	4316,
				"omitted":	false,
				"sender":	true
			}
		}, {
			"streams":	[{
					"socket":	6,
					"start":	9.000096,
					"end":	10.000084,
					"seconds":	0.9999880194664,
					"bytes":	6251016,
					"bits_per_second":	50008727.131235681,
					"packets":	4317,
					"omitted":	false,
					"sender":	true
				}],
			"sum":	{
				"start":	9.000096,
				"end":	10.000084,
				"seconds":	0.9999880194664,
				"bytes":	6251016,
				"bits_per_second":	50008727.131235681,
				"packets":	4317,
				"omitted":	false,
				"sender":	true
			}
		}, {
			"streams":	[{
					"socket":	6,
					"start":	10.000084,
					"end":	11.000086,
					"seconds":	1.0000020265579224,
					"bytes":	6249568,
					"bits_per_second":	49996442.679313,
					"packets":	4316,
					"omitted":	false,
					"sender":	true
				}],
			"sum":	{
				"start":	10.000084,
				"end":	11.000086,
				"seconds":	1.0000020265579224,
				"bytes":	6249568,
				"bits_per_second":	49996442.679313,
				"packets":	4316,
				"omitted":	false,
				"sender":	true
			}
		}, {
			"streams":	[{
					"socket":	6,
					"start":	11.000086,
					"end":	12.000119,
					"seconds":	1.0000330209732056,
					"bytes":	6249568,
					"bits_per_second":	49994893.119973868,
					"packets":	4316,
					"omitted":	false,
					"sender":	true
				}],
			"sum":	{
				"start":	11.000086,
				"end":	12.000119,
				"seconds":	1.0000330209732056,
				"bytes":	6249568,
				"bits_per_second":	49994893.119973868,
				"packets":	4316,
				"omitted":	false,
				"sender":	true
			}
		}, {
			"streams":	[{
					"socket":	6,
					"start":	12.000119,
					"end":	13.00013,
					"seconds":	1.0000109672546387,
					"bytes":	6251016,
					"bits_per_second":	50007579.554141164,
					"packets":	4317,
					"omitted":	false,
					"sender":	true
				}],
			"sum":	{
				"start":	12.000119,
				"end":	13.00013,
				"seconds":	1.0000109672546387,
				"bytes":	6251016,
				"bits_per_second":	50007579.554141164,
				"packets":	4317,
				"omitted":	false,
				"sender":	true
			}
		}, {
			"streams":	[{
					"socket":	6,
					"start":	13.00013,
					"end":	14.000098,
					"seconds":	0.99996799230575562,
					"bytes":	6249568,
					"bits_per_second":	49998144.325316355,
					"packets":	4316,
					"omitted":	false,
					"sender":	true
				}],
			"sum":	{
				"start":	13.00013,
				"end":	14.000098,
				"seconds":	0.99996799230575562,
				"bytes":	6249568,
				"bits_per_second":	49998144.325316355,
				"packets":	4316,
				"omitted":	false,
				"sender":	true
			}
		}, {
			"streams":	[{
					"socket":	6,
					"start":	14.000098,
					"end":	15.000175,
					"seconds":	1.00007700920105,
					"bytes":	6249568,
					"bits_per_second":	49992694.102568835,
					"packets":	4316,
					"omitted":	false,
					"sender":	true
				}],