{
	"start":	{
		"connected":	[{
				"socket":	6,
				"local_host":	"10.0.0.1",
				"local_port":	41994,
				"remote_host":	"10.0.0.2",
				"remote_port":	5203
			}],
		"version":	"iperf 3.16",
		"system_info":	"Linux DESKTOP-1SICFSU 6.6.87.2-microsoft-standard-WSL2+ #1 SMP PREEMPT_DYNAMIC Sat Nov  8 16:12:55 CET 2025 x86_64",
		"timestamp":	{
			"time":	"Sun, 09 Nov 2025 11:40:15 GMT",
			"timesecs":	1762688415
		},
		"connecting_to":	{
			"host":	"10.0.0.2",
			"port":	5203
		},
		"cookie":	"idpthdprkqqaqb2rp2wybdvmetsfedgh776d",
		"target_bitrate":	50000000,
		"fq_rate":	0,
		"sock_bufsize":	0,
		"sndbuf_actual":	212992,
		"rcvbuf_actual":	212992,
		"test_start":	{
			"protocol":	"UDP",
			"num_streams":	1,
			"blksize":	1448,
			"omit":	0,
			"duration":	30,
			"bytes":	0,
			"blocks":	0,
			"reverse":	0,
			"tos":	0,
			"target_bitrate":	50000000,
			"bidir":	0,
			"fqrate":	0
		}
	},
	"intervals":	[{
			"streams":	[{
					"socket":	6,
					"start":	0,
					"end":	1.000092,
					"seconds":	1.0000920295715332,
					"bytes":	1361120,
					"bits_per_second":	10887957.985891687,
					"packets":	941,
					"omitted":	false,
					"sender":	true
				}],
			"sum":	{
				"start":	0,
				"end":	1.000092,
				"seconds":	1.0000920295715332,
				"bytes":	1361120,
				"bits_per_second":	10887957.985891687,
				"packets":	941,
				"omitted":	false,
				"sender":	true
			}
		}, {
			"streams":	[{
					"socket":	6,
					"start":	1.000092,
					"end":	2.000129,
					"seconds":	1.0000369548797607,
					"bytes":	1225008,
					"bits_per_second":	9799701.8531963248,
					"packets":	846,
					"omitted":	false,
					"sender":	true
				}],
			"sum":	{
				"start":	1.000092,
				"end":	2.000129,
				"seconds":	1.0000369548797607,
				"bytes":	1225008,
				"bits_per_second":	9799701.8531963248,
				"packets":	846,
				"omitted":	false,
				"sender":	true
			}
		}, {
			"streams":	[{
					"socket":	6,
					"start":	2.000129,
					"end":	3.000089,
					"seconds":	0.99996000528335571,
					"bytes":	1156952,
					"bits_per_second":	9255986.1905449536,
					"packets":	799,
					"omitted":	false,
					"sender":	true
				}],
			"sum":	{
				"start":	2.000129,
				"end":	3.000089,
				"seconds":	0.99996000528335571,
				"bytes":	1156952,
				"bits_per_second":	9255986.1905449536,
				"packets":	799,
				"omitted":	false,
				"sender":	true
			}
		}, {
			"streams":	[{
					"socket":	6,
					"start":	3.000089,
					"end":	4.000271,
					"seconds":	1.000182032585144,
					"bytes":	1225008,
					"bits_per_second":	9798280.39368997,
					"packets":	846,
					"omitted":	false,
					"sender":	true
				}],
			"sum":	{
				"start":	3.000089,
				"end":	4.000271,
				"seconds":	1.000182032585144,
				"bytes":	1225008,
				"bits_per_second":	9798280.39368997,
				"packets":	846,
				"omitted":	false,
				"sender":	true
			}
		}, {
			"streams":	[{
					"socket":	6,
					"start":	4.000271,
					"end":	5.000094,
					"seconds":	0.999822974205017,
					"bytes":	1225008,
					"bits_per_second":	9801799.17129056,
					"packets":	846,
					"omitted":	false,
					"sender":	true
				}],
			"sum":	{
				"start":	4.000271,
				"end":	5.000094,
				"seconds":	0.999822974205017,
				"bytes":	1225008,
				"bits_per_second":	9801799.17129056,
				"packets":	846,
				"omitted":	false,
				"sender":	true
			}
		}, {
			"streams":	[{
					"socket":	6,
					"start":	5.000094,
					"end":	6.000082,
					"seconds":	0.9999880194664,
					"bytes":	1225008,
					"bits_per_second":	9800181.4114026837,
					"packets":	846,
					"omitted":	false,
					"sender":	true
				}],
			"sum":	{
				"start":	5.000094,
				"end":	6.000082,
				"seconds":	0.9999880194664,
				"bytes":	1225008,
				"bits_per_second":	9800181.4114026837,
				"packets":	846,
				"omitted":	false,
				"sender":	true
			}
		}, {
			"streams":	[{
					"socket":	6,
					"start":	6.000082,
					"end":	7.000098,
					"seconds":	1.0000159740448,
					"bytes":	1225008,
					"bits_per_second":	9799907.455839267,
					"packets":	846,
					"omitted":	false,
					"sender":	true
				}],
			"sum":	{
				"start":	6.000082,
				"end":	7.000098,
				"seconds":	1.0000159740448,
				"bytes":	1225008,
				"bits_per_second":	9799907.455839267,
				"packets":	846,
				"omitted":	false,
				"sender":	true
			}
		}, {
			"streams":	[{
					"socket":	6,
					"start":	7.000098,
					"end":	8.000097,
					"seconds":	0.99999898672103882,
					"bytes":	1225008,
					"bits_per_second":	9800073.93020873,
					"packets":	846,
					"omitted":	false,
					"sender":	true
				}],
			"sum":	{
				"start":	7.000098,
				"end":	8.000097,
				"seconds":	0.99999898672103882,
				"bytes":	1225008,
				"bits_per_second":	9800073.93020873,
				"packets":	846,
				"omitted":	false,
				"sender":	true
			}
		}, {
			"streams":	[{
					"socket":	6,
					"start":	8.000097,
					"end":	9.000059,
					"seconds":	0.9999619722366333,
					"bytes":	1156952,
					"bits_per_second":	9255967.9837602153,
					"packets":	799,
					"omitted":	false,
					"sender":	true
				}],
			"sum":	{
				"start":	8.000097,
				"end":	9.000059,
				"seconds":	0.9999619722366333,
				"bytes":	1156952,
				"bits_per_second":	9255967.9837602153,
				"packets":	799,
				"omitted":	false,
				"sender":	true
			}
		}, {
			"streams":	[{
					"socket":	6,
					"start":	9.000059,
					"end":	10.000075,
					"seconds":	1.0000159740448,
					"bytes":	1225008,
					"bits_per_second":	9799907.455839267,
					"packets":	846,
					"omitted":	false,
					"sender":	true
				}],
			"sum":	{
				"start":	9.000059,
				"end":	10.000075,
				"seconds":	1.0000159740448,
				"bytes":	1225008,
				"bits_per_second":	9799907.455839267,
				"packets":	846,
				"omitted":	false,
				"sender":	true
			}
		}, {
			"streams":	[{
					"socket":	6,
					"start":	10.000075,
					"end":	11.000097,
					"seconds":	1.0000220537185669,
					"bytes":	1225008,
					"bits_per_second":	9799847.8769129235,
					"packets":	846,
					"omitted":	false,
					"sender":	true
				}],
			"sum":	{
				"start":	10.000075,
				"end":	11.000097,
				"seconds":	1.0000220537185669,
				"bytes":	1225008,
				"bits_per_second":	9799847.8769129235,
				"packets":	846,
				"omitted":	false,
				"sender":	true
			}
		}, {
			"streams":	[{
					"socket":	6,
					"start":	11.000097,
					"end":	12.000072,
					"seconds":	0.999975025653839,
					"bytes":	1225008,
					"bits_per_second":	9800308.7563033644,
					"packets":	846,
					"omitted":	false,
					"sender":	true
				}],
			"sum":	{
				"start":	11.000097,
				"end":	12.000072,
				"seconds":	0.999975025653839,
				"bytes":	1225008,
				"bits_per_second":	9800308.7563033644,
				"packets":	846,
				"omitted":	false,
				"sender":	true
			}
		}, {
			"streams":	[{
					"socket":	6,
					"start":	12.000072,
					"end":	13.000081,
					"seconds":	1.0000089406967163,
					"bytes":	1225008,
					"bits_per_second":	9799976.3813833464,
					"packets":	846,
					"omitted":	false,
					"sender":	true
				}],
			"sum":	{
				"start":	12.000072,
				"end":	13.000081,
				"seconds":	1.0000089406967163,
				"bytes":	1225008,
				"bits_per_second":	9799976.3813833464,
				"packets":	846,
				"omitted":	false,
				"sender":	true
			}
		}, {
			"streams":	[{
					"socket":	6,
					"start":	13.000081,
					"end":	14.000099,
					"seconds":	1.0000180006027222,
					"bytes":	1225008,
					"bits_per_second":	9799887.59611666,
					"packets":	846,
					"omitted":	false,
					"sender":	true
				}],
			"sum":	{
				"start":	13.000081,
				"end":	14.000099,
				"seconds":	1.0000180006027222,
				"bytes":	1225008,
				"bits_per_second":	9799887.59611666,
				"packets":	846,
				"omitted":	false,
				"sender":	true
			}
		}, {
			"streams":	[{
					"socket":	6,
					"start":	14.000099,
					"end":	15.000111,
					"seconds":	1.0000120401382446,
					"bytes":	1156952,
					"bits_per_second":	9255504.5624455437,
					"packets":	799,
					"omitted":	false,
					"sender":	true
				}],
			"sum":	{
				"start":	14.000099,
				"end":	15.000111,