{
	"start":	{
		"connected":	[{
				"socket":	6,
				"local_host":	"10.0.0.1",
				"local_port":	49407,
				"remote_host":	"10.0.0.2",
				"remote_port":	5203
			}],
		"version":	"iperf 3.16",
		"system_info":	"Linux DESKTOP-1SICFSU 6.6.87.2-microsoft-standard-WSL2+ #1 SMP PREEMPT_DYNAMIC Sat Nov  8 16:12:55 CET 2025 x86_64",
		"timestamp":	{
			"time":	"Sun, 09 Nov 2025 11:44:55 GMT",
			"timesecs":	1762688695
		},
		"connecting_to":	{
			"host":	"10.0.0.2",
			"port":	5203
		},
		"cookie":	"jyscqiy367gkmuepoondwxcucug7wynskr77",
		"target_bitrate":	50000000,
		"fq_rate":	0,
		"sock_bufsize":	0,
		"sndbuf_actual":	212992,
		"rcvbuf_actual":	212992,
		"test_start":	{
			"protocol":	"UDP",
			"num_streams":	1,
			"blksize":	1448,
			"omit":	0,
			"duration":	30,
			"bytes":	0,
			"blocks":	0,
			"reverse":	0,
			"tos":	0,
			"target_bitrate":	50000000,
			"bidir":	0,
			"fqrate":	0
		}
	},
	"intervals":	[{
			"streams":	[{
					"socket":	6,
					"start":	0,
					"end":	1.000069,
					"seconds":	1.00006902217865,
					"bytes":	1364016,
					"bits_per_second":	10911374.87313419,
					"packets":	943,
					"omitted":	false,
					"sender":	true
				}],
			"sum":	{
				"start":	0,
				"end":	1.000069,
				"seconds":	1.00006902217865,
				"bytes":	1364016,
				"bits_per_second":	10911374.87313419,
				"packets":	943,
				"omitted":	false,
				"sender":	true
			}
		}, {
			"streams":	[{
					"socket":	6,
					"start":	1.000069,
					"end":	2.000089,
					"seconds":	1.0000200271606445,
					"bytes":	1225008,
					"bits_per_second":	9799867.7364745457,
					"packets":	846,
					"omitted":	false,
					"sender":	true
				}],
			"sum":	{
				"start":	1.000069,
				"end":	2.000089,
				"seconds":	1.0000200271606445,
				"bytes":	1225008,
				"bits_per_second":	9799867.7364745457,
				"packets":	846,
				"omitted":	false,
				"sender":	true
			}
		}, {
			"streams":	[{
					"socket":	6,
					"start":	2.000089,
					"end":	3.00008,
					"seconds":	0.999990999698639,
					"bytes":	1156952,
					"bits_per_second":	9255699.3040830437,
					"packets":	799,
					"omitted":	false,
					"sender":	true
				}],
			"sum":	{
				"start":	2.000089,
				"end":	3.00008,
				"seconds":	0.999990999698639,
				"bytes":	1156952,
				"bits_per_second":	9255699.3040830437,
				"packets":	799,
				"omitted":	false,
				"sender":	true
			}
		}, {
			"streams":	[{
					"socket":	6,
					"start":	3.00008,
					"end":	4.000085,
					"seconds":	1.0000050067901611,
					"bytes":	1225008,
					"bits_per_second":	9800014.93338165,
					"packets":	846,
					"omitted":	false,
					"sender":	true
				}],
			"sum":	{
				"start":	3.00008,
				"end":	4.000085,
				"seconds":	1.0000050067901611,
				"bytes":	1225008,
				"bits_per_second":	9800014.93338165,
				"packets":	846,
				"omitted":	false,
				"sender":	true
			}
		}, {
			"streams":	[{
					"socket":	6,
					"start":	4.000085,
					"end":	5.000079,
					"seconds":	0.99999397993087769,
					"bytes":	1225008,
					"bits_per_second":	9800122.99741785,
					"packets":	846,
					"omitted":	false,
					"sender":	true
				}],
			"sum":	{
				"start":	4.000085,
				"end":	5.000079,
				"seconds":	0.99999397993087769,
				"bytes":	1225008,
				"bits_per_second":	9800122.99741785,
				"packets":	846,
				"omitted":	false,
				"sender":	true
			}
		}, {
			"streams":	[{
					"socket":	6,
					"start":	5.000079,
					"end":	6.000092,
					"seconds":	1.000012993812561,
					"bytes":	1225008,
					"bits_per_second":	9799936.66145991,
					"packets":	846,
					"omitted":	false,
					"sender":	true
				}],
			"sum":	{
				"start":	5.000079,
				"end":	6.000092,
				"seconds":	1.000012993812561,
				"bytes":	1225008,
				"bits_per_second":	9799936.66145991,
				"packets":	846,
				"omitted":	false,
				"sender":	true
			}
		}, {
			"streams":	[{
					"socket":	6,
					"start":	6.000092,
					"end":	7.00008,
					"seconds":	0.9999880194664,
					"bytes":	1225008,
					"bits_per_second":	9800181.4114026837,
					"packets":	846,
					"omitted":	false,
					"sender":	true
				}],
			"sum":	{
				"start":	6.000092,
				"end":	7.00008,
				"seconds":	0.9999880194664,
				"bytes":	1225008,
				"bits_per_second":	9800181.4114026837,
				"packets":	846,
				"omitted":	false,
				"sender":	true
			}
		}, {
			"streams":	[{
					"socket":	6,
					"start":	7.00008,
					"end":	8.000076,
					"seconds":	0.9999960064888,
					"bytes":	1225008,
					"bits_per_second":	9800103.1368216369,
					"packets":	846,
					"omitted":	false,
					"sender":	true
				}],
			"sum":	{
				"start":	7.00008,
				"end":	8.000076,
				"seconds":	0.9999960064888,
				"bytes":	1225008,
				"bits_per_second":	9800103.1368216369,
				"packets":	846,
				"omitted":	false,
				"sender":	true
			}
		}, {
			"streams":	[{
					"socket":	6,
					"start":	8.000076,
					"end":	9.000071,
					"seconds":	0.999994993209839,
					"bytes":	1156952,
					"bits_per_second":	9255662.3411591444,
					"packets":	799,
					"omitted":	false,
					"sender":	true
				}],
			"sum":	{
				"start":	8.000076,
				"end":	9.000071,
				"seconds":	0.999994993209839,
				"bytes":	1156952,
				"bits_per_second":	9255662.3411591444,
				"packets":	799,
				"omitted":	false,
				"sender":	true
			}
		}, {
			"streams":	[{
					"socket":	6,
					"start":	9.000071,
					"end":	10.00007,
					"seconds":	0.99999898672103882,
					"bytes":	1225008,
					"bits_per_second":	9800073.93020873,
					"packets":	846,
					"omitted":	false,
					"sender":	true
				}],
			"sum":	{
				"start":	9.000071,
				"end":	10.00007,
				"seconds":	0.99999898672103882,
				"bytes":	1225008,
				"bits_per_second":	9800073.93020873,
				"packets":	846,
				"omitted":	false,
				"sender":	true
			}
		}, {
			"streams":	[{
					"socket":	6,
					"start":	10.00007,
					"end":	11.000096,
					"seconds":	1.0000259876251221,
					"bytes":	1248176,
					"bits_per_second":	9985148.50970374,
					"packets":	862,
					"omitted":	false,
					"sender":	true
				}],
			"sum":	{
				"start":	10.00007,
				"end":	11.000096,
				"seconds":	1.0000259876251221,
				"bytes":	1248176,
				"bits_per_second":	9985148.50970374,
				"packets":	862,
				"omitted":	false,
				"sender":	true
			}
		}, {
			"streams":	[{
					"socket":	6,
					"start":	11.000096,
					"end":	12.000096,
					"seconds":	1,
					"bytes":	1225008,
					"bits_per_second":	9800064,
					"packets":	846,
					"omitted":	false,
					"sender":	true
				}],
			"sum":	{
				"start":	11.000096,
				"end":	12.000096,
				"seconds":	1,
				"bytes":	1225008,
				"bits_per_second":	9800064,
				"packets":	846,
				"omitted":	false,
				"sender":	true
			}
		}, {
			"streams":	[{
					"socket":	6,
					"start":	12.000096,
					"end":	13.000108,
					"seconds":	1.0000120401382446,
					"bytes":	1156952,
					"bits_per_second":	9255504.5624455437,
					"packets":	799,
					"omitted":	false,
					"sender":	true
				}],
			"sum":	{
				"start":	12.000096,
				"end":	13.000108,
				"seconds":	1.0000120401382446,
				"bytes":	1156952,
				"bits_per_second":	9255504.5624455437,
				"packets":	799,
				"omitted":	false,
				"sender":	true
			}
		}, {
			"streams":	[{
					"socket":	6,
					"start":	13.000108,
					"end":	14.00011,
					"seconds":	1.0000020265579224,
					"bytes":	1225008,
					"bits_per_second":	9800044.13964291,
					"packets":	846,
					"omitted":	false,
					"sender":	true
				}],
			"sum":	{
				"start":	13.000108,
				"end":	14.00011,
				"seconds":	1.0000020265579224,
				"bytes":	1225008,
				"bits_per_second":	9800044.13964291,
				"packets":	846,
				"omitted":	false,
				"sender":	true
			}
		}, {
			"streams":	[{
					"socket":	6,
					"start":	14.00011,
					"end":	15.000078,
					"seconds":	0.99996799230575562,
					"bytes":	1225008,
					"bits_per_second":	9800377.6874925,
					"packets":	846,
					"omitted":	false,
					"sender":	true
				}],
			"sum":	{
				"start":	14.00011,
				"end":	15.000078,
				"seconds":	0.99996799230575562,
				"bytes":	1225008,