{
	"start":	{
		"connected":	[{
				"socket":	6,
				"local_host":	"10.0.0.1",
				"local_port":	55675,
				"remote_host":	"10.0.0.2",
				"remote_port":	5203
			}],
		"version":	"iperf 3.16",
		"system_info":	"Linux DESKTOP-1SICFSU 6.6.87.2-microsoft-standard-WSL2+ #1 SMP PREEMPT_DYNAMIC Sat Nov  8 16:12:55 CET 2025 x86_64",
		"timestamp":	{
			"time":	"Sun, 09 Nov 2025 11:50:15 GMT",
			"timesecs":	1762689015
		},
		"connecting_to":	{
			"host":	"10.0.0.2",
			"port":	5203
		},
		"cookie":	"3cne6km6mtqvlrjnlddecihviv4ausm6k7u3",
		"target_bitrate":	50000000,
		"fq_rate":	0,
		"sock_bufsize":	0,
		"sndbuf_actual":	212992,
		"rcvbuf_actual":	212992,
		"test_start":	{
			"protocol":	"UDP",
			"num_streams":	1,
			"blksize":	1448,
			"omit":	0,
			"duration":	30,
			"bytes":	0,
			"blocks":	0,
			"reverse":	0,
			"tos":	0,
			"target_bitrate":	50000000,
			"bidir":	0,
			"fqrate":	0
		}
	},
	"intervals":	[{
			"streams":	[{
					"socket":	6,
					"start":	0,
					"end":	1.000122,
					"seconds":	1.0001219511032104,
					"bytes":	1362568,
					"bits_per_second":	10899214.82872751,
					"packets":	942,
					"omitted":	false,
					"sender":	true
				}],
			"sum":	{
				"start":	0,
				"end":	1.000122,
				"seconds":	1.0001219511032104,
				"bytes":	1362568,
				"bits_per_second":	10899214.82872751,
				"packets":	942,
				"omitted":	false,
				"sender":	true
			}
		}, {
			"streams":	[{
					"socket":	6,
					"start":	1.000122,
					"end":	2.000081,
					"seconds":	0.99995899200439453,
					"bytes":	1225008,
					"bits_per_second":	9800465.8974624556,
					"packets":	846,
					"omitted":	false,
					"sender":	true
				}],
			"sum":	{
				"start":	1.000122,
				"end":	2.000081,
				"seconds":	0.99995899200439453,
				"bytes":	1225008,
				"bits_per_second":	9800465.8974624556,
				"packets":	846,
				"omitted":	false,
				"sender":	true
			}
		}, {
			"streams":	[{
					"socket":	6,
					"start":	2.000081,
					"end":	3.000117,
					"seconds":	1.0000360012054443,
					"bytes":	1156952,
					"bits_per_second":	9255282.79866252,
					"packets":	799,
					"omitted":	false,
					"sender":	true
				}],
			"sum":	{
				"start":	2.000081,
				"end":	3.000117,
				"seconds":	1.0000360012054443,
				"bytes":	1156952,
				"bits_per_second":	9255282.79866252,
				"packets":	799,
				"omitted":	false,
				"sender":	true
			}
		}, {
			"streams":	[{
					"socket":	6,
					"start":	3.000117,
					"end":	4.000091,
					"seconds":	0.999974012374878,
					"bytes":	1251072,
					"bits_per_second":	10008836.105880627,
					"packets":	864,
					"omitted":	false,
					"sender":	true
				}],
			"sum":	{
				"start":	3.000117,
				"end":	4.000091,
				"seconds":	0.999974012374878,
				"bytes":	1251072,
				"bits_per_second":	10008836.105880627,
				"packets":	864,
				"omitted":	false,
				"sender":	true
			}
		}, {
			"streams":	[{
					"socket":	6,
					"start":	4.000091,
					"end":	5.0001,
					"seconds":	1.0000089406967163,
					"bytes":	1225008,
					"bits_per_second":	9799976.3813833464,
					"packets":	846,
					"omitted":	false,
					"sender":	true
				}],
			"sum":	{
				"start":	4.000091,
				"end":	5.0001,
				"seconds":	1.0000089406967163,
				"bytes":	1225008,
				"bits_per_second":	9799976.3813833464,
				"packets":	846,
				"omitted":	false,
				"sender":	true
			}
		}, {
			"streams":	[{
					"socket":	6,
					"start":	5.0001,
					"end":	6.000126,
					"seconds":	1.0000259876251221,
					"bytes":	1225008,
					"bits_per_second":	9799809.32622896,
					"packets":	846,
					"omitted":	false,
					"sender":	true
				}],
			"sum":	{
				"start":	5.0001,
				"end":	6.000126,
				"seconds":	1.0000259876251221,
				"bytes":	1225008,
				"bits_per_second":	9799809.32622896,
				"packets":	846,
				"omitted":	false,
				"sender":	true
			}
		}, {
			"streams":	[{
					"socket":	6,
					"start":	6.000126,
					"end":	7.000077,
					"seconds":	0.99995100498199463,
					"bytes":	1156952,
					"bits_per_second":	9256069.5012918748,
					"packets":	799,
					"omitted":	false,
					"sender":	true
				}],
			"sum":	{
				"start":	6.000126,
				"end":	7.000077,
				"seconds":	0.99995100498199463,
				"bytes":	1156952,
				"bits_per_second":	9256069.5012918748,
				"packets":	799,
				"omitted":	false,
				"sender":	true
			}
		}, {
			"streams":	[{
					"socket":	6,
					"start":	7.000077,
					"end":	8.000093,
					"seconds":	1.0000159740448,
					"bytes":	1225008,
					"bits_per_second":	9799907.455839267,
					"packets":	846,
					"omitted":	false,
					"sender":	true
				}],
			"sum":	{
				"start":	7.000077,
				"end":	8.000093,
				"seconds":	1.0000159740448,
				"bytes":	1225008,
				"bits_per_second":	9799907.455839267,
				"packets":	846,
				"omitted":	false,
				"sender":	true
			}
		}, {
			"streams":	[{
					"socket":	6,
					"start":	8.000093,
					"end":	9.000089,
					"seconds":	0.9999960064888,
					"bytes":	1225008,
					"bits_per_second":	9800103.1368216369,
					"packets":	846,
					"omitted":	false,
					"sender":	true
				}],
			"sum":	{
				"start":	8.000093,
				"end":	9.000089,
				"seconds":	0.9999960064888,
				"bytes":	1225008,
				"bits_per_second":	9800103.1368216369,
				"packets":	846,
				"omitted":	false,
				"sender":	true
			}
		}, {
			"streams":	[{
					"socket":	6,
					"start":	9.000089,
					"end":	10.000117,
					"seconds":	1.0000280141830444,
					"bytes":	1242384,
					"bits_per_second":	9938793.57281761,
					"packets":	858,
					"omitted":	false,
					"sender":	true
				}],
			"sum":	{
				"start":	9.000089,
				"end":	10.000117,
				"seconds":	1.0000280141830444,
				"bytes":	1242384,
				"bits_per_second":	9938793.57281761,
				"packets":	858,
				"omitted":	false,
				"sender":	true
			}
		}, {
			"streams":	[{
					"socket":	6,
					"start":	10.000117,
					"end":	11.000123,
					"seconds":	1.0000059604644775,
					"bytes":	1156952,
					"bits_per_second":	9255560.83255844,
					"packets":	799,
					"omitted":	false,
					"sender":	true
				}],
			"sum":	{
				"start":	10.000117,
				"end":	11.000123,
				"seconds":	1.0000059604644775,
				"bytes":	1156952,
				"bits_per_second":	9255560.83255844,
				"packets":	799,
				"omitted":	false,
				"sender":	true
			}
		}, {
			"streams":	[{
					"socket":	6,
					"start":	11.000123,
					"end":	12.000165,
					"seconds":	1.0000419616699219,
					"bytes":	1225008,
					"bits_per_second":	9799652.79020427,
					"packets":	846,
					"omitted":	false,
					"sender":	true
				}],
			"sum":	{
				"start":	11.000123,
				"end":	12.000165,
				"seconds":	1.0000419616699219,
				"bytes":	1225008,
				"bits_per_second":	9799652.79020427,
				"packets":	846,
				"omitted":	false,
				"sender":	true
			}
		}, {
			"streams":	[{
					"socket":	6,
					"start":	12.000165,
					"end":	13.000107,
					"seconds":	0.99994200468063354,
					"bytes":	1225008,
					"bits_per_second":	9800632.3908055,
					"packets":	846,
					"omitted":	false,
					"sender":	true
				}],
			"sum":	{
				"start":	12.000165,
				"end":	13.000107,
				"seconds":	0.99994200468063354,
				"bytes":	1225008,
				"bits_per_second":	9800632.3908055,
				"packets":	846,
				"omitted":	false,
				"sender":	true
			}
		}, {
			"streams":	[{
					"socket":	6,
					"start":	13.000107,
					"end":	14.00009,
					"seconds":	0.999983012676239,
					"bytes":	1226456,
					"bits_per_second":	9811814.67647259,
					"packets":	847,
					"omitted":	false,
					"sender":	true
				}],
			"sum":	{
				"start":	13.000107,
				"end":	14.00009,
				"seconds":	0.999983012676239,
				"bytes":	1226456,
				"bits_per_second":	9811814.67647259,
				"packets":	847,
				"omitted":	false,
				"sender":	true
			}
		}, {
			"streams":	[{
					"socket":	6,
					"start":	14.00009,
					"end":	15.000088,
					"seconds":	0.99999797344207764,
					"bytes":	1225008,
					"bits_per_second":	9800083.8604375869,
					"packets":	846,
					"omitted":	false,
					"sender":	true
				}],
			"sum":	{
				"start":	14.00009,
				"end":	15.000088,