{
	"start":	{
		"connected":	[{
				"socket":	6,
				"local_host":	"10.0.0.1",
				"local_port":	44111,
				"remote_host":	"10.0.0.2",
				"remote_port":	5202
			}],
		"version":	"iperf 3.16",
		"system_info":	"Linux DESKTOP-1SICFSU 6.6.87.2-microsoft-standard-WSL2+ #1 SMP PREEMPT_DYNAMIC Sat Nov  8 16:12:55 CET 2025 x86_64",
		"timestamp":	{
			"time":	"Sun, 09 Nov 2025 10:17:29 GMT",
			"timesecs":	1762683449
		},
		"connecting_to":	{
			"host":	"10.0.0.2",
			"port":	5202
		},
		"cookie":	"6jmakdyvryzpxuraj5324n5ntuolevfycimp",
		"target_bitrate":	40000000,
		"fq_rate":	0,
		"sock_bufsize":	0,
		"sndbuf_actual":	212992,
		"rcvbuf_actual":	212992,
		"test_start":	{
			"protocol":	"UDP",
			"num_streams":	1,
			"blksize":	1448,
			"omit":	0,
			"duration":	30,
			"bytes":	0,
			"blocks":	0,
			"reverse":	0,
			"tos":	104,
			"target_bitrate":	40000000,
			"bidir":	0,
			"fqrate":	0
		}
	},
	"intervals":	[{
			"streams":	[{
					"socket":	6,
					"start":	0,
					"end":	1.000112,
					"seconds":	1.0001120567321777,
					"bytes":	4995600,
					"bits_per_second":	39960322.1768801,
					"packets":	3450,
					"omitted":	false,
					"sender":	true
				}],
			"sum":	{
				"start":	0,
				"end":	1.000112,
				"seconds":	1.0001120567321777,
				"bytes":	4995600,
				"bits_per_second":	39960322.1768801,
				"packets":	3450,
				"omitted":	false,
				"sender":	true
			}
		}, {
			"streams":	[{
					"socket":	6,
					"start":	1.000112,
					"end":	2.000082,
					"seconds":	0.999970018863678,
					"bytes":	5001392,
					"bits_per_second":	40012335.615288645,
					"packets":	3454,
					"omitted":	false,
					"sender":	true
				}],
			"sum":	{
				"start":	1.000112,
				"end":	2.000082,
				"seconds":	0.999970018863678,
				"bytes":	5001392,
				"bits_per_second":	40012335.615288645,
				"packets":	3454,
				"omitted":	false,
				"sender":	true
			}
		}, {
			"streams":	[{
					"socket":	6,
					"start":	2.000082,
					"end":	3.009439,
					"seconds":	1.00935697555542,
					"bytes":	4928992,
					"bits_per_second":	39066392.718296468,
					"packets":	3405,
					"omitted":	false,
					"sender":	true
				}],
			"sum":	{
				"start":	2.000082,
				"end":	3.009439,
				"seconds":	1.00935697555542,
				"bytes":	4928992,
				"bits_per_second":	39066392.718296468,
				"packets":	3405,
				"omitted":	false,
				"sender":	true
			}
		}, {
			"streams":	[{
					"socket":	6,
					"start":	3.009439,
					"end":	4.000108,
					"seconds":	0.990669012069702,
					"bytes":	5070896,
					"bits_per_second":	40949265.098387621,
					"packets":	3501,
					"omitted":	false,
					"sender":	true
				}],
			"sum":	{
				"start":	3.009439,
				"end":	4.000108,
				"seconds":	0.990669012069702,
				"bytes":	5070896,
				"bits_per_second":	40949265.098387621,
				"packets":	3501,
				"omitted":	false,
				"sender":	true
			}
		}, {
			"streams":	[{
					"socket":	6,
					"start":	4.000108,
					"end":	5.000083,
					"seconds":	0.999975025653839,
					"bytes":	4999944,
					"bits_per_second":	40000550.987606987,
					"packets":	3453,
					"omitted":	false,
					"sender":	true
				}],
			"sum":	{
				"start":	4.000108,
				"end":	5.000083,
				"seconds":	0.999975025653839,
				"bytes":	4999944,
				"bits_per_second":	40000550.987606987,
				"packets":	3453,
				"omitted":	false,
				"sender":	true
			}
		}, {
			"streams":	[{
					"socket":	6,
					"start":	5.000083,
					"end":	6.000102,
					"seconds":	1.0000189542770386,
					"bytes":	4999944,
					"bits_per_second":	39998793.851780124,
					"packets":	3453,
					"omitted":	false,
					"sender":	true
				}],
			"sum":	{
				"start":	5.000083,
				"end":	6.000102,
				"seconds":	1.0000189542770386,
				"bytes":	4999944,
				"bits_per_second":	39998793.851780124,
				"packets":	3453,
				"omitted":	false,
				"sender":	true
			}
		}, {
			"streams":	[{
					"socket":	6,
					"start":	6.000102,
					"end":	7.000095,
					"seconds":	0.99999302625656128,
					"bytes":	4999944,
					"bits_per_second":	39999830.948558629,
					"packets":	3453,
					"omitted":	false,
					"sender":	true
				}],
			"sum":	{
				"start":	6.000102,
				"end":	7.000095,
				"seconds":	0.99999302625656128,
				"bytes":	4999944,
				"bits_per_second":	39999830.948558629,
				"packets":	3453,
				"omitted":	false,
				"sender":	true
			}
		}, {
			"streams":	[{
					"socket":	6,
					"start":	7.000095,
					"end":	8.000099,
					"seconds":	1.0000040531158447,
					"bytes":	4999944,
					"bits_per_second":	39999389.8778391,
					"packets":	3453,
					"omitted":	false,
					"sender":	true
				}],
			"sum":	{
				"start":	7.000095,
				"end":	8.000099,
				"seconds":	1.0000040531158447,
				"bytes":	4999944,
				"bits_per_second":	39999389.8778391,
				"packets":	3453,
				"omitted":	false,
				"sender":	true
			}
		}, {
			"streams":	[{
					"socket":	6,
					"start":	8.000099,
					"end":	9.000087,
					"seconds":	0.9999880194664,
					"bytes":	4999944,
					"bits_per_second":	40000031.221718051,
					"packets":	3453,
					"omitted":	false,
					"sender":	true
				}],
			"sum":	{
				"start":	8.000099,
				"end":	9.000087,
				"seconds":	0.9999880194664,
				"bytes":	4999944,
				"bits_per_second":	40000031.221718051,
				"packets":	3453,
				"omitted":	false,
				"sender":	true
			}
		}, {
			"streams":	[{
					"socket":	6,
					"start":	9.000087,
					"end":	10.000099,
					"seconds":	1.0000120401382446,
					"bytes":	4999944,
					"bits_per_second":	39999070.405662656,
					"packets":	3453,
					"omitted":	false,
					"sender":	true
				}],
			"sum":	{
				"start":	9.000087,
				"end":	10.000099,
				"seconds":	1.0000120401382446,
				"bytes":	4999944,
				"bits_per_second":	39999070.405662656,
				"packets":	3453,
				"omitted":	false,
				"sender":	true
			}
		}, {
			"streams":	[{
					"socket":	6,
					"start":	10.000099,
					"end":	11.000093,
					"seconds":	0.99999397993087769,
					"bytes":	4999944,
					"bits_per_second":	39999792.801517546,
					"packets":	3453,
					"omitted":	false,
					"sender":	true
				}],
			"sum":	{
				"start":	10.000099,
				"end":	11.000093,
				"seconds":	0.99999397993087769,
				"bytes":	4999944,
				"bits_per_second":	39999792.801517546,
				"packets":	3453,
				"omitted":	false,
				"sender":	true
			}
		}, {
			"streams":	[{
					"socket":	6,
					"start":	11.000093,
					"end":	12.000114,
					"seconds":	1.0000209808349609,
					"bytes":	4999944,
					"bits_per_second":	39998712.793608226,
					"packets":	3453,
					"omitted":	false,
					"sender":	true
				}],
			"sum":	{
				"start":	11.000093,
				"end":	12.000114,
				"seconds":	1.0000209808349609,
				"bytes":	4999944,
				"bits_per_second":	39998712.793608226,
				"packets":	3453,
				"omitted":	false,
				"sender":	true
			}
		}, {
			"streams":	[{
					"socket":	6,
					"start":	12.000114,
					"end":	13.0001,
					"seconds":	0.99998599290847778,
					"bytes":	4999944,
					"bits_per_second":	40000112.285233676,
					"packets":	3453,
					"omitted":	false,
					"sender":	true
				}],
			"sum":	{
				"start":	12.000114,
				"end":	13.0001,
				"seconds":	0.99998599290847778,
				"bytes":	4999944,
				"bits_per_second":	40000112.285233676,
				"packets":	3453,
				"omitted":	false,
				"sender":	true
			}
		}, {
			"streams":	[{
					"socket":	6,
					"start":	13.0001,
					"end":	14.0001,
					"seconds":	1,
					"bytes":	4999944,
					"bits_per_second":	39999552,
					"packets":	3453,
					"omitted":	false,
					"sender":	true
				}],
			"sum":	{
				"start":	13.0001,
				"end":	14.0001,
				"seconds":	1,
				"bytes":	4999944,
				"bits_per_second":	39999552,
				"packets":	3453,
				"omitted":	false,
				"sender":	true
			}
		}, {
			"streams":	[{
					"socket":	6,
					"start":	14.0001,
					"end":	15.000095,
					"seconds":	0.999994993209839,
					"bytes":	4999944,
					"bits_per_second":	39999752.270366117,
					"packets":	3453,
					"omitted":	false,
					"sender":	true
				}],
			"sum":	{
				"start":	14.0001,
				"end":	15.000095,