{
	"start":	{
		"connected":	[{
				"socket":	6,
				"local_host":	"10.0.0.1",
				"local_port":	52754,
				"remote_host":	"10.0.0.2",
				"remote_port":	5203
			}],
		"version":	"iperf 3.16",
		"system_info":	"Linux DESKTOP-1SICFSU 6.6.87.2-microsoft-standard-WSL2+ #1 SMP PREEMPT_DYNAMIC Sat Nov  8 16:12:55 CET 2025 x86_64",
		"timestamp":	{
			"time":	"Sun, 09 Nov 2025 11:46:16 GMT",
			"timesecs":	1762688776
		},
		"connecting_to":	{
			"host":	"10.0.0.2",
			"port":	5203
		},
		"cookie":	"cxvato772kydebzs5ojuinjuoptfkpks77jo",
		"target_bitrate":	50000000,
		"fq_rate":	0,
		"sock_bufsize":	0,
		"sndbuf_actual":	212992,
		"rcvbuf_actual":	212992,
		"test_start":	{
			"protocol":	"UDP",
			"num_streams":	1,
			"blksize":	1448,
			"omit":	0,
			"duration":	30,
			"bytes":	0,
			"blocks":	0,
			"reverse":	0,
			"tos":	0,
			"target_bitrate":	50000000,
			"bidir":	0,
			"fqrate":	0
		}
	},
	"intervals":	[{
			"streams":	[{
					"socket":	6,
					"start":	0,
					"end":	1.000104,
					"seconds":	1.0001039505004883,
					"bytes":	1362568,
					"bits_per_second":	10899411.000771442,
					"packets":	942,
					"omitted":	false,
					"sender":	true
				}],
			"sum":	{
				"start":	0,
				"end":	1.000104,
				"seconds":	1.0001039505004883,
				"bytes":	1362568,
				"bits_per_second":	10899411.000771442,
				"packets":	942,
				"omitted":	false,
				"sender":	true
			}
		}, {
			"streams":	[{
					"socket":	6,
					"start":	1.000104,
					"end":	2.000089,
					"seconds":	0.9999849796295166,
					"bytes":	1225008,
					"bits_per_second":	9800211.20280308,
					"packets":	846,
					"omitted":	false,
					"sender":	true
				}],
			"sum":	{
				"start":	1.000104,
				"end":	2.000089,
				"seconds":	0.9999849796295166,
				"bytes":	1225008,
				"bits_per_second":	9800211.20280308,
				"packets":	846,
				"omitted":	false,
				"sender":	true
			}
		}, {
			"streams":	[{
					"socket":	6,
					"start":	2.000089,
					"end":	3.000092,
					"seconds":	1.0000029802322388,
					"bytes":	1156952,
					"bits_per_second":	9255588.4161970131,
					"packets":	799,
					"omitted":	false,
					"sender":	true
				}],
			"sum":	{
				"start":	2.000089,
				"end":	3.000092,
				"seconds":	1.0000029802322388,
				"bytes":	1156952,
				"bits_per_second":	9255588.4161970131,
				"packets":	799,
				"omitted":	false,
				"sender":	true
			}
		}, {
			"streams":	[{
					"socket":	6,
					"start":	3.000092,
					"end":	4.000099,
					"seconds":	1.0000070333480835,
					"bytes":	1225008,
					"bits_per_second":	9799995.0732234344,
					"packets":	846,
					"omitted":	false,
					"sender":	true
				}],
			"sum":	{
				"start":	3.000092,
				"end":	4.000099,
				"seconds":	1.0000070333480835,
				"bytes":	1225008,
				"bits_per_second":	9799995.0732234344,
				"packets":	846,
				"omitted":	false,
				"sender":	true
			}
		}, {
			"streams":	[{
					"socket":	6,
					"start":	4.000099,
					"end":	5.00009,
					"seconds":	0.999990999698639,
					"bytes":	1225008,
					"bits_per_second":	9800152.2043232229,
					"packets":	846,
					"omitted":	false,
					"sender":	true
				}],
			"sum":	{
				"start":	4.000099,
				"end":	5.00009,
				"seconds":	0.999990999698639,
				"bytes":	1225008,
				"bits_per_second":	9800152.2043232229,
				"packets":	846,
				"omitted":	false,
				"sender":	true
			}
		}, {
			"streams":	[{
					"socket":	6,
					"start":	5.00009,
					"end":	6.000115,
					"seconds":	1.0000250339508057,
					"bytes":	1225008,
					"bits_per_second":	9799818.6718214657,
					"packets":	846,
					"omitted":	false,
					"sender":	true
				}],
			"sum":	{
				"start":	5.00009,
				"end":	6.000115,
				"seconds":	1.0000250339508057,
				"bytes":	1225008,
				"bits_per_second":	9799818.6718214657,
				"packets":	846,
				"omitted":	false,
				"sender":	true
			}
		}, {
			"streams":	[{
					"socket":	6,
					"start":	6.000115,
					"end":	7.000079,
					"seconds":	0.99996399879455566,
					"bytes":	1225008,
					"bits_per_second":	9800416.8268196229,
					"packets":	846,
					"omitted":	false,
					"sender":	true
				}],
			"sum":	{
				"start":	6.000115,
				"end":	7.000079,
				"seconds":	0.99996399879455566,
				"bytes":	1225008,
				"bits_per_second":	9800416.8268196229,
				"packets":	846,
				"omitted":	false,
				"sender":	true
			}
		}, {
			"streams":	[{
					"socket":	6,
					"start":	7.000079,
					"end":	8.000128,
					"seconds":	1.0000489950180054,
					"bytes":	1225008,
					"bits_per_second":	9799583.86921188,
					"packets":	846,
					"omitted":	false,
					"sender":	true
				}],
			"sum":	{
				"start":	7.000079,
				"end":	8.000128,
				"seconds":	1.0000489950180054,
				"bytes":	1225008,
				"bits_per_second":	9799583.86921188,
				"packets":	846,
				"omitted":	false,
				"sender":	true
			}
		}, {
			"streams":	[{
					"socket":	6,
					"start":	8.000128,
					"end":	9.000135,
					"seconds":	1.0000070333480835,
					"bytes":	1156952,
					"bits_per_second":	9255550.9024888,
					"packets":	799,
					"omitted":	false,
					"sender":	true
				}],
			"sum":	{
				"start":	8.000128,
				"end":	9.000135,
				"seconds":	1.0000070333480835,
				"bytes":	1156952,
				"bits_per_second":	9255550.9024888,
				"packets":	799,
				"omitted":	false,
				"sender":	true
			}
		}, {
			"streams":	[{
					"socket":	6,
					"start":	9.000135,
					"end":	10.000085,
					"seconds":	0.99994999170303345,
					"bytes":	1225008,
					"bits_per_second":	9800554.10902032,
					"packets":	846,
					"omitted":	false,
					"sender":	true
				}],
			"sum":	{
				"start":	9.000135,
				"end":	10.000085,
				"seconds":	0.99994999170303345,
				"bytes":	1225008,
				"bits_per_second":	9800554.10902032,
				"packets":	846,
				"omitted":	false,
				"sender":	true
			}
		}, {
			"streams":	[{
					"socket":	6,
					"start":	10.000085,
					"end":	11.000134,
					"seconds":	1.0000489950180054,
					"bytes":	1225008,
					"bits_per_second":	9799583.86921188,
					"packets":	846,
					"omitted":	false,
					"sender":	true
				}],
			"sum":	{
				"start":	10.000085,
				"end":	11.000134,
				"seconds":	1.0000489950180054,
				"bytes":	1225008,
				"bits_per_second":	9799583.86921188,
				"packets":	846,
				"omitted":	false,
				"sender":	true
			}
		}, {
			"streams":	[{
					"socket":	6,
					"start":	11.000134,
					"end":	12.000094,
					"seconds":	0.99996000528335571,
					"bytes":	1225008,
					"bits_per_second":	9800455.9664593637,
					"packets":	846,
					"omitted":	false,
					"sender":	true
				}],
			"sum":	{
				"start":	11.000134,
				"end":	12.000094,
				"seconds":	0.99996000528335571,
				"bytes":	1225008,
				"bits_per_second":	9800455.9664593637,
				"packets":	846,
				"omitted":	false,
				"sender":	true
			}
		}, {
			"streams":	[{
					"socket":	6,
					"start":	12.000094,
					"end":	13.000078,
					"seconds":	0.9999840259552002,
					"bytes":	1225008,
					"bits_per_second":	9800220.5491621,
					"packets":	846,
					"omitted":	false,
					"sender":	true
				}],
			"sum":	{
				"start":	12.000094,
				"end":	13.000078,
				"seconds":	0.9999840259552002,
				"bytes":	1225008,
				"bits_per_second":	9800220.5491621,
				"packets":	846,
				"omitted":	false,
				"sender":	true
			}
		}, {
			"streams":	[{
					"socket":	6,
					"start":	13.000078,
					"end":	14.000068,
					"seconds":	0.99998998641967773,
					"bytes":	1225008,
					"bits_per_second":	9800162.1347107068,
					"packets":	846,
					"omitted":	false,
					"sender":	true
				}],
			"sum":	{
				"start":	13.000078,
				"end":	14.000068,
				"seconds":	0.99998998641967773,
				"bytes":	1225008,
				"bits_per_second":	9800162.1347107068,
				"packets":	846,
				"omitted":	false,
				"sender":	true
			}
		}, {
			"streams":	[{
					"socket":	6,
					"start":	14.000068,
					"end":	15.000092,
					"seconds":	1.0000239610672,
					"bytes":	1156952,
					"bits_per_second":	9255394.2308768742,
					"packets":	799,
					"omitted":	false,
					"sender":	true
				}],
			"sum":	{
				"start":	14.000068,
				"end":	15.000092,